tipo_elem,distrito,id,id_cruce,fecha_inst,longitud,latitud
SEMAFORO 3/200 BICI,1,53380,36,1967-04-24T00:00:00Z,-3.69595207567098,40.42823215896
SEMAFORO 3/200 BICI,1,54146,36,1960-01-01T00:00:00Z,-3.69592506171117,40.42817019983
SEMAFORO 3/200 BICI,1,5264,176,2019-03-06T00:00:00Z,-3.70919047059826,40.4242240155854
SEMAFORO 3/200 BICI,1,50280,116,1964-03-14T00:00:00Z,-3.70843452303096,40.416063320051
SEMAFORO 2/200 PEATON - BICI,1,55691,31,,-3.69832627299938,40.4182017522867
SEMAFORO 2/200 PEATON - BICI,1,55518,31,1960-01-01T00:00:00Z,-3.69838464543741,40.4182912021185
SEMAFORO 3/200 BICI,1,50281,31,1960-01-01T00:00:00Z,-3.69826163144743,40.4181129485968
SEMAFORO 3/200 BICI,1,50284,29,1960-01-01T00:00:00Z,-3.69403219296877,40.4190750459744
SEMAFORO 1/200 BICI,1,52157,29,1960-01-01T00:00:00Z,-3.69398702871886,40.4190318278053
SEMAFORO 1/200 BICI,1,50283,29,1960-01-01T00:00:00Z,-3.69413394887125,40.4190507934999
SEMAFORO 2/200 PEATON - BICI,1,1793,116,1964-03-14T00:00:00Z,-3.70872451251705,40.4160190138483
SEMAFORO 2/200 PEATON - BICI,1,26485,39,1960-01-01T00:00:00Z,-3.71061668070241,40.4233051602828
SEMAFORO 3/200 BICI,1,50282,30,1960-01-01T00:00:00Z,-3.69686148055073,40.4184858684018
SEMAFORO 2/200 PEATON - BICI,2,56395,775,,-3.71651901073022,40.4043382999205
SEMAFORO 2/200 PEATON - BICI,2,56396,775,,-3.71649786290369,40.40437696556
SEMAFORO 2/200 PEATON - BICI,2,39732,463,1971-10-14T00:00:00Z,-3.71104115302435,40.4024317782791
SEMAFORO 2/200 PEATON - BICI,2,56391,775,,-3.71648043087664,40.4043569274525
SEMAFORO 2/200 PEATON - BICI,2,43318,775,2019-07-26T00:00:00Z,-3.71587197144075,40.4042728448247
SEMAFORO 2/200 PEATON - BICI,2,43317,775,1978-01-01T00:00:00Z,-3.71596391967802,40.404182936901
SEMAFORO 2/200 PEATON - BICI,2,43316,775,1978-01-01T00:00:00Z,-3.71654307194817,40.4043990943818
SEMAFORO 2/200 PEATON - BICI,2,31069,529,1972-11-10T00:00:00Z,-3.71855653384291,40.4105971332993
SEMAFORO 3/200 BICI,2,55083,776,1978-01-01T00:00:00Z,-3.72056612759702,40.4042262077856
SEMAFORO 3/200 BICI,2,4294,776,1978-01-01T00:00:00Z,-3.72049947743257,40.4038690195967
SEMAFORO 3/100 BICI,2,56315,776,1978-01-01T00:00:00Z,-3.72047323972213,40.4038090370657
SEMAFORO 3/200 BICI,2,56317,776,1978-01-01T00:00:00Z,-3.72066099628706,40.4038749514116
SEMAFORO 3/100 BICI,2,45400,413,2018-02-26T00:00:00Z,-3.6983755560373,40.3934036932494
SEMAFORO 3/200 BICI,2,45399,413,2018-02-26T00:00:00Z,-3.69821345926555,40.393249796332
SEMAFORO 3/200 BICI,2,663,413,2018-02-26T00:00:00Z,-3.69896280893959,40.3937962822287
SEMAFORO 3/200 BICI,2,56318,776,1978-01-01T00:00:00Z,-3.72015099513812,40.403949466766
SEMAFORO 3/200 BICI,2,56319,776,1978-01-01T00:00:00Z,-3.72007508497131,40.4039971354617
SEMAFORO 3/100 BICI,2,56320,776,1978-01-01T00:00:00Z,-3.72052418151176,40.4041523119557
SEMAFORO 2/200 PEATON - BICI,2,56516,776,,-3.72042167766208,40.4038845165142
SEMAFORO 3/100 BICI,2,56515,776,,-3.72043469328667,40.4039142519235
SEMAFORO 3/100 BICI,2,56316,776,1978-01-01T00:00:00Z,-3.72056496477879,40.4039066557452
SEMAFORO 2/200 PEATON - BICI,2,39660,1434,2015-05-19T00:00:00Z,-3.70463838472049,40.4010974420396
SEMAFORO 2/200 PEATON - BICI,2,39661,1434,2015-05-19T00:00:00Z,-3.70450194258743,40.4011569055449
SEMAFORO 2/200 PEATON - BICI,2,31068,529,1972-11-10T00:00:00Z,-3.71853088278607,40.4105907213278
SEMAFORO 2/200 PEATON - BICI,2,30950,1875,2015-11-15T00:00:00Z,-3.7188437462298,40.4040612051103
SEMAFORO 2/200 PEATON - BICI,2,30949,1875,2015-11-15T00:00:00Z,-3.71879511608012,40.404066613866
SEMAFORO 2/200 PEATON - BICI,2,31236,342,2019-03-20T00:00:00Z,-3.69554345720711,40.3915787960138
SEMAFORO 2/200 PEATON - BICI,2,30944,776,2019-02-25T00:00:00Z,-3.72073936195878,40.404067102266
SEMAFORO 2/200 PEATON - BICI,2,47598,469,1971-12-11T00:00:00Z,-3.6989162278296,40.4013192403221
SEMAFORO 2/200 PEATON - BICI,2,39683,859,1978-01-01T00:00:00Z,-3.71102107348855,40.3996813410877
SEMAFORO 2/200 PEATON - BICI,2,39682,859,1978-01-01T00:00:00Z,-3.71101401973578,40.399583126448
SEMAFORO 3/200 BICI,2,55055,859,,-3.71108229770884,40.3995863529755
SEMAFORO 2/200 PEATON - BICI,2,49657,859,1978-01-01T00:00:00Z,-3.71001923249731,40.3991110238228
SEMAFORO 2/200 PEATON - BICI,2,49656,859,1978-01-01T00:00:00Z,-3.71003388488571,40.3991713856429
SEMAFORO 3/200 BICI,2,55057,859,,-3.71142494242984,40.3997076970974
SEMAFORO 3/100 BICI,2,55056,859,,-3.71098368685193,40.3995594544568
SEMAFORO 2/200 PEATON - BICI,2,31200,413,1970-05-08T00:00:00Z,-3.69891621003456,40.3937871144396
SEMAFORO 2/200 PEATON - BICI,2,31197,413,1970-05-08T00:00:00Z,-3.6988430864336,40.3939198238033
SEMAFORO 3/100 BICI,2,55103,413,1970-05-08T00:00:00Z,-3.6981237308668,40.3932129673107
SEMAFORO 3/100 BICI,2,55098,413,1970-05-08T00:00:00Z,-3.69889257712063,40.3937626495041
SEMAFORO 3/200 BICI,2,55099,413,1970-05-08T00:00:00Z,-3.69864249344263,40.3935742526603
SEMAFORO 2/200 PEATON - BICI,2,55136,342,,-3.6955424577965,40.39151459803
SEMAFORO 3/200 BICI,2,55106,342,1969-02-17T00:00:00Z,-3.69569077129527,40.3914420884069
SEMAFORO 3/100 BICI,2,55105,342,1969-02-17T00:00:00Z,-3.69563746359162,40.3913924184436
SEMAFORO 2/200 PEATON - BICI,2,31233,342,1969-02-17T00:00:00Z,-3.69565071588432,40.3914287346831
SEMAFORO 2/200 PEATON - BICI,2,43278,1423,1995-06-29T00:00:00Z,-3.71345375730802,40.4031434255735
SEMAFORO 2/200 PEATON - BICI,2,43279,1423,1995-06-29T00:00:00Z,-3.71335820446699,40.4031183792025
SEMAFORO 2/200 PEATON - BICI,2,43280,1423,1995-06-29T00:00:00Z,-3.71323501575524,40.4031649909925
SEMAFORO 2/200 PEATON - BICI,2,43281,1423,1995-06-29T00:00:00Z,-3.71313423915888,40.4031381165714
SEMAFORO 2/200 PEATON - BICI,2,39680,1140,1987-09-05T00:00:00Z,-3.70873010525625,40.3984935829042
SEMAFORO 2/200 PEATON - BICI,2,39681,1140,1987-09-05T00:00:00Z,-3.70875747823972,40.3984625323589
SEMAFORO 2/200 PEATON - BICI,2,39632,1141,1987-09-05T00:00:00Z,-3.70400123605402,40.3970482528505
SEMAFORO 2/200 PEATON - BICI,2,39628,1141,1987-09-05T00:00:00Z,-3.70439073398214,40.3970399257772
SEMAFORO 2/200 PEATON - BICI,2,39633,1141,1987-09-05T00:00:00Z,-3.70402558467437,40.396979864391
SEMAFORO 2/200 PEATON - BICI,2,39629,1141,1987-09-05T00:00:00Z,-3.70444748256314,40.3970921761275
SEMAFORO 2/200 PEATON - BICI,2,31189,1481,1997-07-02T00:00:00Z,-3.7000886884667,40.3948181035149
SEMAFORO 2/200 PEATON - BICI,2,31190,1481,1997-07-02T00:00:00Z,-3.70011806982513,40.3947211060938
SEMAFORO 2/200 BICI,2,43282,1433,2015-05-25T00:00:00Z,-3.70688543535772,40.4015739954156
SEMAFORO 2/200 BICI,2,43283,1433,2015-05-25T00:00:00Z,-3.7067547023735,40.4015318645749
SEMAFORO 3/200 BICI,2,56370,1839,2004-03-09T00:00:00Z,-3.7168446791249,40.4011745884274
SEMAFORO 3/200 BICI,2,56332,1839,2004-03-09T00:00:00Z,-3.71648132496706,40.4010742977819
SEMAFORO 3/100 BICI,2,56331,1839,2004-03-09T00:00:00Z,-3.71697790499461,40.4012235261647
SEMAFORO 3/100 BICI,2,56373,1839,2004-03-09T00:00:00Z,-3.71705089893904,40.40124519075
SEMAFORO 3/200 BICI,2,56521,1875,,-3.71891241596625,40.4041204316531
SEMAFORO 3/200 BICI,2,56532,1875,,-3.71865385794053,40.4041081866797
SEMAFORO 3/200 BICI,2,56519,1875,,-3.71898432860079,40.4040714946532
SEMAFORO 3/200 BICI,2,56527,1875,,-3.71857809007707,40.4041578790943
SEMAFORO 2/200 PEATON - BICI,2,51376,2208,2015-09-02T00:00:00Z,-3.71743931563505,40.413040580642
SEMAFORO 2/200 PEATON - BICI,2,51377,2208,2015-09-02T00:00:00Z,-3.71743027277899,40.4130620143147
SEMAFORO 2/200 PEATON - BICI,2,51388,2209,2015-02-17T00:00:00Z,-3.70562868898958,40.3972788678334
SEMAFORO 3/100 BICI,2,55003,2209,,-3.7068682128086,40.3974377437671
SEMAFORO 2/200 PEATON - BICI,2,39616,2209,2015-02-17T00:00:00Z,-3.70689617864488,40.3975435859536
SEMAFORO 3/200 BICI,2,55002,2209,,-3.70696550837144,40.3974700779942
SEMAFORO 2/200 PEATON - BICI,2,39617,2209,2015-02-17T00:00:00Z,-3.70690125550084,40.3974586729399
SEMAFORO 2/200 PEATON - BICI,2,55092,4554,1970-05-08T00:00:00Z,-3.69695649368725,40.3925642993916
SEMAFORO 2/200 PEATON - BICI,2,55091,4554,1970-05-08T00:00:00Z,-3.69697626867859,40.3924477773954
SEMAFORO 3/100 BICI,2,55053,4553,,-3.70198637271676,40.395971901165
SEMAFORO 3/200 BICI,2,55054,4553,,-3.70208523913698,40.3959981757763
SEMAFORO 2/200 PEATON - BICI,2,31177,4553,1997-07-02T00:00:00Z,-3.70193772020761,40.3960742495895
SEMAFORO 2/200 PEATON - BICI,2,31178,4553,1997-07-02T00:00:00Z,-3.70201638862492,40.3959955240954
SEMAFORO 3/200 BICI,2,56546,4602,,-3.71756819654376,40.4042631066829
SEMAFORO 2/200 PEATON - BICI,2,56538,4602,,-3.71742951025157,40.4042120577022
SEMAFORO 2/200 PEATON - BICI,2,56537,4602,,-3.71747562704523,40.4042076830401
SEMAFORO 3/200 BICI,2,56547,4602,,-3.71764340570418,40.4042167905091
SEMAFORO 3/200 BICI,2,56548,4602,,-3.71727044498787,40.4042567767511
SEMAFORO 3/200 BICI,2,56553,4602,,-3.71719562790994,40.4043056063761
SEMAFORO 3/200 BICI,2,56549,4602,,-3.7172786198647,40.4043034141449
SEMAFORO 2/200 PEATON - BICI,2,51387,2209,2015-02-17T00:00:00Z,-3.70556366276785,40.3972315855177
SEMAFORO 3/200 BICI,2,56376,856,1978-01-01T00:00:00Z,-3.71488858485609,40.4007114222235
SEMAFORO 3/100 BICI,2,56374,856,1978-01-01T00:00:00Z,-3.71498728438099,40.4007417467546
SEMAFORO 3/100 BICI,2,55130,856,1978-01-01T00:00:00Z,-3.71399615385486,40.4004190850536
SEMAFORO 3/200 BICI,2,55129,856,1978-01-01T00:00:00Z,-3.71409765581609,40.4004227992767
SEMAFORO 3/100 BICI,2,43263,856,1978-01-01T00:00:00Z,-3.714236177788,40.4005558022006
SEMAFORO 3/100 BICI,2,43260,856,1978-01-01T00:00:00Z,-3.71466098503813,40.4008404646241
SEMAFORO 3/100 BICI,2,43258,856,1978-01-01T00:00:00Z,-3.71408633481962,40.4008630077891
SEMAFORO 2/200 PEATON - BICI,2,47603,469,1971-12-11T00:00:00Z,-3.69961410599903,40.4011040572985
SEMAFORO 2/200 PEATON - BICI,2,47602,469,1971-12-11T00:00:00Z,-3.69954811401025,40.4011714988973
SEMAFORO 2/200 PEATON - BICI,2,47601,469,1971-12-11T00:00:00Z,-3.69948448151639,40.4012813737043
SEMAFORO 2/200 PEATON - BICI,2,47600,469,1971-12-11T00:00:00Z,-3.69943646455572,40.4013444117675
SEMAFORO 2/200 PEATON - BICI,2,47599,469,1971-12-11T00:00:00Z,-3.69903397189756,40.4013700400661
SEMAFORO 2/200 PEATON - BICI,2,30941,776,1978-01-01T00:00:00Z,-3.72030103822584,40.4038993217602
SEMAFORO 2/200 PEATON - BICI,2,39733,463,1971-10-14T00:00:00Z,-3.71121439144431,40.4024862959495
SEMAFORO 2/200 PEATON - BICI,2,30942,776,1978-01-01T00:00:00Z,-3.7204717914673,40.4038398829083
SEMAFORO 2/200 PEATON - BICI,2,43315,775,2015-11-05T00:00:00Z,-3.71656516933969,40.4044987114602
SEMAFORO 2/200 PEATON - BICI,2,30943,776,1978-01-01T00:00:00Z,-3.72060620428523,40.4039080358841
SEMAFORO 2/200 PEATON - BICI,4,40894,17,1960-01-01T00:00:00Z,-3.68792490775789,40.4239799324867
SEMAFORO 2/200 PEATON - BICI,4,43444,879,1978-06-06T00:00:00Z,-3.6609116271313,40.4407394678285
SEMAFORO 2/200 PEATON - BICI,4,43443,879,1978-06-06T00:00:00Z,-3.66092755135171,40.4407699115675
SEMAFORO 2/200 PEATON - BICI,4,43442,879,1978-06-06T00:00:00Z,-3.66094019173137,40.4409054477407
SEMAFORO 2/200 PEATON - BICI,4,43470,690,1976-02-07T00:00:00Z,-3.66077449331681,40.4385878498956
SEMAFORO 2/200 PEATON - BICI,4,43469,690,1976-02-07T00:00:00Z,-3.66076058667825,40.4384815265346
SEMAFORO 2/200 PEATON - BICI,4,43468,690,1976-02-07T00:00:00Z,-3.66068624136224,40.4383893171129
SEMAFORO 2/200 PEATON - BICI,4,43467,690,1976-02-07T00:00:00Z,-3.66065210709932,40.4383212176968
SEMAFORO 2/200 PEATON - BICI,4,38364,1216,2015-07-14T00:00:00Z,-3.6625034535494,40.4211827068677
SEMAFORO 2/200 PEATON - BICI,4,38374,1900,2015-06-30T00:00:00Z,-3.66132106591663,40.4212503260366
SEMAFORO 2/200 PEATON - BICI,4,38373,1900,2015-06-30T00:00:00Z,-3.66143028450602,40.4212473157599
SEMAFORO 2/200 PEATON - BICI,4,38363,1216,2015-01-07T00:00:00Z,-3.66263769433854,40.4211556534345
SEMAFORO 2/200 PEATON - BICI,4,46694,49,1960-01-01T00:00:00Z,-3.68642079579937,40.4373759108884
SEMAFORO 2/200 PEATON - BICI,4,39526,156,1966-08-01T00:00:00Z,-3.68635963344207,40.4351553815863
SEMAFORO 2/200 PEATON - BICI,4,37962,13,2014-07-05T00:00:00Z,-3.68770545245195,40.4254519869541
SEMAFORO 2/200 PEATON - BICI,4,39533,155,1966-05-01T00:00:00Z,-3.686533776393,40.4330666652748
SEMAFORO 2/200 PEATON - BICI,4,39534,155,1966-05-01T00:00:00Z,-3.68654325170916,40.4329445377695
SEMAFORO 2/200 PEATON - BICI,4,29148,162,1966-09-02T00:00:00Z,-3.68674044369572,40.4305096744409
SEMAFORO 2/200 PEATON - BICI,4,40269,154,1966-04-01T00:00:00Z,-3.68720506238354,40.4278754894467
SEMAFORO 2/200 PEATON - BICI,4,43445,879,1978-06-06T00:00:00Z,-3.66088390421595,40.4406743728236
SEMAFORO 2/200 PEATON - BICI,4,40893,153,1966-03-01T00:00:00Z,-3.68815498673207,40.4225249810157
SEMAFORO 2/200 PEATON - BICI,4,38043,19,1960-01-01T00:00:00Z,-3.67996947488265,40.4213237457907
SEMAFORO 2/200 PEATON - BICI,4,38042,19,1960-01-01T00:00:00Z,-3.6797816286523,40.4213595868466
SEMAFORO 2/200 PEATON - BICI,4,38071,179,1966-11-06T00:00:00Z,-3.67607806799035,40.4213994145824
SEMAFORO 2/200 PEATON - BICI,4,38070,179,1966-11-06T00:00:00Z,-3.67594988144016,40.4213989164114
SEMAFORO 2/200 PEATON - BICI,4,38184,343,1969-03-17T00:00:00Z,-3.67440816348951,40.4213416407567
SEMAFORO 2/200 PEATON - BICI,4,38185,343,1969-03-17T00:00:00Z,-3.67437649926407,40.4213400198731
SEMAFORO 2/200 PEATON - BICI,4,21087,22,1960-01-01T00:00:00Z,-3.68873457497074,40.4206002114916
SEMAFORO 1/200 BICI,4,50682,22,1960-01-01T00:00:00Z,-3.68954696140786,40.4197189996686
SEMAFORO 2/200 PEATON - BICI,4,21088,22,1960-01-01T00:00:00Z,-3.68858993976176,40.4205833708622
SEMAFORO 2/200 PEATON - BICI,4,38065,871,1978-01-01T00:00:00Z,-3.67754486631971,40.4214889401294
SEMAFORO 2/200 PEATON - BICI,4,38064,871,1978-01-01T00:00:00Z,-3.67752271338332,40.4214879515341
SEMAFORO 2/200 PEATON - BICI,4,39540,1962,2006-11-07T00:00:00Z,-3.68665037071032,40.4317105449508
SEMAFORO 2/200 PEATON - BICI,4,38061,2226,1960-01-01T00:00:00Z,-3.67895815473111,40.4215634493467
SEMAFORO 2/200 PEATON - BICI,4,38060,2226,1960-01-01T00:00:00Z,-3.67891505125915,40.4215618685926
SEMAFORO 3/200 BICI,7,19050,476,2017-04-18T00:00:00Z,-3.69867306758033,40.4346416532118
SEMAFORO 3/200 BICI,7,53365,251,1967-10-21T00:00:00Z,-3.69790380302813,40.4327169307906
SEMAFORO 3/200 BICI,7,53366,251,1967-10-21T00:00:00Z,-3.69781819384367,40.4326659495976
SEMAFORO 3/200 BICI,7,53367,251,1967-10-21T00:00:00Z,-3.69759546848933,40.4321241561934
SEMAFORO 3/200 BICI,7,53225,251,1967-10-21T00:00:00Z,-3.69765810119423,40.4321725586379
SEMAFORO 3/200 BICI,7,19412,234,1967-12-07T00:00:00Z,-3.69708707461628,40.4309717374762
SEMAFORO 3/200 BICI,7,53407,234,1967-12-07T00:00:00Z,-3.69695733865593,40.4307170335008
SEMAFORO 3/200 BICI,7,19414,234,2017-05-04T00:00:00Z,-3.69704158031653,40.4307669369218
SEMAFORO 3/200 BICI,7,53409,235,1967-12-07T00:00:00Z,-3.69658819621906,40.4298418695096
SEMAFORO 3/200 BICI,7,53414,235,1967-12-07T00:00:00Z,-3.69650814810419,40.4296353962234
SEMAFORO 3/200 BICI,7,19543,235,2017-04-28T00:00:00Z,-3.69656425619592,40.429649836669
SEMAFORO 3/200 BICI,7,53342,1236,1990-10-31T00:00:00Z,-3.69820550187327,40.4334294737458
SEMAFORO 3/200 BICI,7,53341,1236,1990-10-31T00:00:00Z,-3.69824988095139,40.4335465226534
SEMAFORO 3/200 BICI,7,53459,279,1968-09-01T00:00:00Z,-3.70342346945472,40.4454985417967
SEMAFORO 3/200 BICI,7,53458,279,1968-09-01T00:00:00Z,-3.70331034021759,40.4452824820628
SEMAFORO 2/200 PEATON - BICI,7,53467,281,1968-01-19T00:00:00Z,-3.70293264434049,40.4443670601143
SEMAFORO 3/200 BICI,7,53462,281,1968-01-19T00:00:00Z,-3.7028292781071,40.4441670993341
SEMAFORO 3/200 BICI,7,53461,281,1968-01-19T00:00:00Z,-3.7029472211882,40.4444150619273
SEMAFORO 3/200 BICI,7,20925,281,2017-10-06T00:00:00Z,-3.70272865955265,40.4440666100774
SEMAFORO 3/200 BICI,7,53470,280,1968-09-01T00:00:00Z,-3.70245238096353,40.4432926711365
SEMAFORO 3/200 BICI,7,53469,280,1968-09-01T00:00:00Z,-3.70234224786351,40.4430676096578
SEMAFORO 3/200 BICI,7,19824,280,2017-07-06T00:00:00Z,-3.70227558010213,40.4430155729455
SEMAFORO 3/200 BICI,7,53438,188,1966-06-09T00:00:00Z,-3.70192607955387,40.4422164846322
SEMAFORO 3/200 BICI,7,53439,188,1966-06-09T00:00:00Z,-3.70198376484605,40.4422683177523
SEMAFORO 3/200 BICI,7,53437,188,1966-06-09T00:00:00Z,-3.70181156206391,40.4418784530538
SEMAFORO 3/200 BICI,7,19112,1236,2017-07-04T00:00:00Z,-3.69812442928385,40.4333773008413
SEMAFORO 3/200 BICI,7,53422,472,1971-11-19T00:00:00Z,-3.70083537297277,40.439548551395
SEMAFORO 3/200 BICI,7,53423,472,1971-11-19T00:00:00Z,-3.70075673994024,40.43950089957
SEMAFORO 3/200 BICI,7,53424,472,1971-11-19T00:00:00Z,-3.70125621036472,40.4405264418654
SEMAFORO 3/200 BICI,7,19840,472,2017-05-20T00:00:00Z,-3.70118089299247,40.4404789020696
SEMAFORO 3/200 BICI,7,53420,79,1960-01-01T00:00:00Z,-3.7002744043576,40.4382903492107
SEMAFORO 3/200 BICI,7,20931,279,2017-06-20T00:00:00Z,-3.7032396747968,40.4452537394274
SEMAFORO 3/200 BICI,7,19834,188,2017-02-06T00:00:00Z,-3.70176620326498,40.4418173345355
SEMAFORO 3/200 BICI,7,53371,79,1960-01-01T00:00:00Z,-3.70029415802139,40.4383523644065
SEMAFORO 3/200 BICI,7,53374,79,1960-01-01T00:00:00Z,-3.70047035375667,40.4387691477188
SEMAFORO 3/200 BICI,7,53375,79,1960-01-01T00:00:00Z,-3.70041082836883,40.4386397562328
SEMAFORO 3/200 BICI,7,53370,247,1967-09-16T00:00:00Z,-3.69956690868614,40.4366191474032
SEMAFORO 3/200 BICI,7,53234,247,1967-09-16T00:00:00Z,-3.69965300644934,40.4368088651197
SEMAFORO 3/200 BICI,7,19068,247,2017-03-25T00:00:00Z,-3.69949086796448,40.4365674694346
SEMAFORO 2/200 PEATON - BICI,7,53231,480,1971-11-30T00:00:00Z,-3.69924574989066,40.4357956159132
SEMAFORO 3/200 BICI,7,53230,480,1971-11-30T00:00:00Z,-3.69925556544425,40.4358425555591
SEMAFORO 3/200 BICI,7,53232,480,1971-11-30T00:00:00Z,-3.6991578021012,40.4356686214532
SEMAFORO 3/200 BICI,7,19161,79,2017-10-05T00:00:00Z,-3.70043898092399,40.4387676596589
SEMAFORO 3/200 BICI,7,53343,476,1971-11-25T00:00:00Z,-3.69876788096867,40.434684252387
SEMAFORO 3/200 BICI,7,53344,476,1971-11-25T00:00:00Z,-3.69891295546417,40.4352287061432
SEMAFORO 2/200 PEATON - BICI,7,37276,1236,2017-04-14T00:00:00Z,-3.6982394164439,40.4334987097663
SEMAFORO 2/200 PEATON - BICI,7,37264,251,2017-04-27T00:00:00Z,-3.69782732672568,40.4323340985336
SEMAFORO 2/200 PEATON - BICI,7,37263,251,2017-04-13T00:00:00Z,-3.69794751266131,40.4324365898392
SEMAFORO 2/200 PEATON - BICI,7,37286,476,2017-10-06T00:00:00Z,-3.69909774517505,40.4349171930137
SEMAFORO 2/200 PEATON - BICI,7,37285,476,2017-10-06T00:00:00Z,-3.69904559907107,40.4348013831143
SEMAFORO 2/200 PEATON - BICI,7,21033,279,2017-06-22T00:00:00Z,-3.70340880567191,40.4454522248667
SEMAFORO 2/200 PEATON - BICI,7,37382,247,2017-08-05T00:00:00Z,-3.69963439773651,40.4367610154825
SEMAFORO 2/200 PEATON - BICI,7,21047,280,2017-06-21T00:00:00Z,-3.70244107089099,40.4432447114608
SEMAFORO 2/200 PEATON - BICI,7,27689,188,2017-03-06T00:00:00Z,-3.70198662825251,40.4420874703458
SEMAFORO 2/200 PEATON - BICI,7,27688,188,2017-06-15T00:00:00Z,-3.7019446831408,40.4419831851161
SEMAFORO 3/200 BICI,7,53346,476,1971-11-25T00:00:00Z,-3.69896327010615,40.4352769394525
SEMAFORO 3/200 BICI,7,19041,480,2017-03-25T00:00:00Z,-3.69908350635988,40.4356191890482
SEMAFORO 2/200 PEATON - BICI,8,48297,2029,2007-09-17T00:00:00Z,-3.73854690620043,40.4799847619172
SEMAFORO 2/200 PEATON - BICI,8,46305,1818,2004-02-08T00:00:00Z,-3.66643195219163,40.5108248596198
SEMAFORO 2/200 PEATON - BICI,8,221,1530,1998-08-06T00:00:00Z,-3.68544292750865,40.5049021522051
SEMAFORO 2/200 PEATON - BICI,8,222,1530,1998-08-06T00:00:00Z,-3.68552008731072,40.5049011833551
SEMAFORO 2/200 PEATON - BICI,8,48175,1638,2000-06-28T00:00:00Z,-3.73001469147473,40.4864478287556
SEMAFORO 2/200 PEATON - BICI,8,48176,1638,2000-06-28T00:00:00Z,-3.73002207678375,40.4863234746157
SEMAFORO 2/200 PEATON - BICI,8,44288,1638,2000-06-28T00:00:00Z,-3.73006085542341,40.4867885699356
SEMAFORO 2/200 PEATON - BICI,8,44289,1638,2000-06-28T00:00:00Z,-3.73000492987942,40.4867247517613
SEMAFORO 2/200 PEATON - BICI,8,44316,1640,2000-06-28T00:00:00Z,-3.72303868708182,40.4920764745887
SEMAFORO 2/200 PEATON - BICI,8,44315,1640,2000-06-28T00:00:00Z,-3.72311562260989,40.4921241949071
SEMAFORO 2/200 PEATON - BICI,8,44314,1640,2000-06-28T00:00:00Z,-3.72385386265385,40.491452035045
SEMAFORO 2/200 PEATON - BICI,8,44313,1640,2000-06-28T00:00:00Z,-3.72377554225238,40.4914036491547
SEMAFORO 2/200 PEATON - BICI,8,44312,1640,2000-06-28T00:00:00Z,-3.72322114941676,40.4915092915298
SEMAFORO 2/200 PEATON - BICI,8,44311,1640,2000-06-28T00:00:00Z,-3.72317821536095,40.4915525840521
SEMAFORO 2/200 PEATON - BICI,8,44310,1640,2000-06-28T00:00:00Z,-3.7230809169993,40.4915366536576
SEMAFORO 2/200 PEATON - BICI,8,44309,1640,2000-06-28T00:00:00Z,-3.72302756513277,40.4915624168333
SEMAFORO 2/200 PEATON - BICI,8,46300,1818,2004-02-08T00:00:00Z,-3.66737217862166,40.5114554446834
SEMAFORO 2/200 PEATON - BICI,8,46301,1818,2004-02-08T00:00:00Z,-3.66713506731509,40.5111326332295
SEMAFORO 2/200 PEATON - BICI,8,46302,1818,2004-02-08T00:00:00Z,-3.66705946461972,40.5110803411043
SEMAFORO 2/200 PEATON - BICI,8,46303,1818,2004-02-08T00:00:00Z,-3.66697120796839,40.5110185174469
SEMAFORO 2/200 PEATON - BICI,8,46304,1818,2004-02-08T00:00:00Z,-3.66689020547838,40.5109615468056
SEMAFORO 2/200 PEATON - BICI,8,46299,1818,2004-02-08T00:00:00Z,-3.6672861393736,40.5115560903281
SEMAFORO 2/200 PEATON - BICI,8,46306,1818,2004-02-08T00:00:00Z,-3.66632165418312,40.5108988125337
SEMAFORO 2/200 PEATON - BICI,8,46193,1832,2004-02-08T00:00:00Z,-3.66151066973826,40.5024318596649
SEMAFORO 2/200 PEATON - BICI,8,46194,1832,2004-02-08T00:00:00Z,-3.66154710147078,40.5023738880184
SEMAFORO 2/200 PEATON - BICI,8,223,2025,2021-02-03T00:00:00Z,-3.69711632465344,40.5074483508733
SEMAFORO 2/200 PEATON - BICI,8,224,2025,2007-09-17T00:00:00Z,-3.69699058693999,40.5073889977967
SEMAFORO 2/200 PEATON - BICI,8,227,2026,2007-09-17T00:00:00Z,-3.69583596443391,40.5068348764524
SEMAFORO 2/200 PEATON - BICI,8,228,2026,2007-09-17T00:00:00Z,-3.69576018290713,40.5067962130616
SEMAFORO 2/200 PEATON - BICI,8,225,2027,2007-09-17T00:00:00Z,-3.69480854152804,40.5063358873277
SEMAFORO 2/200 PEATON - BICI,8,226,2027,2007-09-17T00:00:00Z,-3.6947302377334,40.5062968676614
SEMAFORO 2/200 PEATON - BICI,8,48299,2028,2007-09-17T00:00:00Z,-3.69363085722356,40.5057629592015
SEMAFORO 2/200 PEATON - BICI,8,48300,2028,2007-09-17T00:00:00Z,-3.69350624279797,40.5057011393508
SEMAFORO 2/200 PEATON - BICI,8,44299,2024,2021-02-15T00:00:00Z,-3.73344448959377,40.4851480492226
SEMAFORO 2/200 PEATON - BICI,8,44300,2024,2007-09-17T00:00:00Z,-3.73350901239027,40.4850694526237
SEMAFORO 2/200 PEATON - BICI,8,48178,2050,2008-06-13T00:00:00Z,-3.73594161081257,40.4845274600004
SEMAFORO 2/200 PEATON - BICI,8,48177,2050,2008-06-13T00:00:00Z,-3.73607841388793,40.4845245829637
SEMAFORO 2/200 PEATON - BICI,8,48298,2029,2007-09-17T00:00:00Z,-3.73860245678068,40.4799394890279
SEMAFORO 2/200 PEATON - BICI,8,46691,2053,2008-09-07T00:00:00Z,-3.7138985715285,40.5032936920599
SEMAFORO 2/200 PEATON - BICI,8,46692,2053,2008-09-07T00:00:00Z,-3.71388114890688,40.50334975119
SEMAFORO 2/200 PEATON - BICI,8,54282,2238,2018-04-25T00:00:00Z,-3.72560437269353,40.4931471086975
SEMAFORO 2/200 PEATON - BICI,8,54283,2238,2018-04-25T00:00:00Z,-3.72550718104244,40.4932330188443
SEMAFORO 2/200 PEATON - BICI,8,51853,843,2015-10-29T00:00:00Z,-3.74080105146811,40.4766314290418
SEMAFORO 2/200 PEATON - BICI,8,44355,843,2015-10-29T00:00:00Z,-3.74077261732455,40.4767411952195
SEMAFORO 2/200 PEATON - BICI,8,44354,843,2015-10-29T00:00:00Z,-3.74075337555857,40.4768451156216
SEMAFORO 2/200 PEATON - BICI,8,51854,843,2015-10-29T00:00:00Z,-3.74079178870675,40.4766526946604
SEMAFORO 2/200 PEATON - BICI,9,35870,195,1966-01-10T00:00:00Z,-3.72585584050691,40.4397558833963
SEMAFORO 2/200 PEATON - BICI,9,56383,418,2020-11-19T00:00:00Z,-3.7266599903293,40.4418159006559
SEMAFORO 2/200 PEATON - BICI,9,56385,418,2020-11-19T00:00:00Z,-3.72665354585413,40.4417841617959
SEMAFORO 2/200 PEATON - BICI,9,35869,195,1966-01-10T00:00:00Z,-3.72588387590808,40.4398378621555
SEMAFORO 2/200 PEATON - BICI,9,54585,573,1973-08-06T00:00:00Z,-3.7368401718298,40.4341538635182
SEMAFORO 2/200 PEATON - BICI,9,54584,573,1973-08-06T00:00:00Z,-3.73684841968802,40.4341121094369
SEMAFORO 2/200 PEATON - BICI,9,29371,100,1962-02-27T00:00:00Z,-3.71160459272259,40.4243103023043
SEMAFORO 2/200 PEATON - BICI,9,56903,4588,,-3.71411146712574,40.4214123452455
SEMAFORO 2/200 PEATON - BICI,9,35833,387,2020-09-01T00:00:00Z,-3.72933355501682,40.4562613661202
SEMAFORO 2/200 PEATON - BICI,9,35832,387,2020-09-01T00:00:00Z,-3.72939965814741,40.4562733903199
SEMAFORO 2/200 PEATON - BICI,9,35831,387,2020-09-01T00:00:00Z,-3.72952866060865,40.4562669921686
SEMAFORO 2/200 PEATON - BICI,9,35830,387,2020-09-01T00:00:00Z,-3.7295683570932,40.4562448776323
SEMAFORO 2/200 PEATON - BICI,9,35847,1439,2019-12-24T00:00:00Z,-3.72742251279151,40.445951830898
SEMAFORO 2/200 PEATON - BICI,9,44134,978,2019-04-14T00:00:00Z,-3.72751260040465,40.448277122345
SEMAFORO 2/200 PEATON - BICI,9,35846,1439,2019-12-24T00:00:00Z,-3.7273826976305,40.4458694898732
SEMAFORO 2/200 PEATON - BICI,9,44142,978,2019-04-14T00:00:00Z,-3.72785580669044,40.44786279965
SEMAFORO 2/200 PEATON - BICI,9,44141,978,2019-04-14T00:00:00Z,-3.72791739391565,40.4478561712455
SEMAFORO 2/200 PEATON - BICI,9,44140,978,2019-04-14T00:00:00Z,-3.727962387666,40.4478509881496
SEMAFORO 2/200 PEATON - BICI,9,44139,978,2019-04-14T00:00:00Z,-3.7280209033656,40.4478443790077
SEMAFORO 2/200 PEATON - BICI,9,44138,978,2019-04-14T00:00:00Z,-3.72844613883142,40.448412683984
SEMAFORO 2/200 PEATON - BICI,9,44137,978,2019-04-14T00:00:00Z,-3.72852238231797,40.4483048525835
SEMAFORO 2/200 PEATON - BICI,9,44136,978,2019-04-14T00:00:00Z,-3.72854624164601,40.4482434519967
SEMAFORO 2/200 PEATON - BICI,9,44135,978,2019-04-14T00:00:00Z,-3.72852545289818,40.4481310981481
SEMAFORO 2/200 PEATON - BICI,9,44133,978,2019-04-14T00:00:00Z,-3.72749423023864,40.4483602588336
SEMAFORO 2/200 PEATON - BICI,9,44132,978,2019-04-14T00:00:00Z,-3.72740669917022,40.4485134450803
SEMAFORO 2/200 PEATON - BICI,9,44131,978,2019-04-14T00:00:00Z,-3.72748411910748,40.4485694132818
SEMAFORO 2/200 PEATON - BICI,10,30482,1997,2007-04-05T00:00:00Z,-3.73909148845172,40.4111688102121
SEMAFORO 2/200 PEATON - BICI,10,34482,2039,2007-12-13T00:00:00Z,-3.75767375403102,40.3985763373555
SEMAFORO 2/200 PEATON - BICI,10,34481,2039,2021-06-04T00:00:00Z,-3.75756376747462,40.3987091564968
SEMAFORO 2/200 PEATON - BICI,10,46600,1996,2007-04-05T00:00:00Z,-3.72990088393783,40.4146233713874
SEMAFORO 2/200 PEATON - BICI,10,46599,1996,2007-04-05T00:00:00Z,-3.7297907352061,40.4146649496974
SEMAFORO 2/200 PEATON - BICI,10,38769,1810,2004-07-29T00:00:00Z,-3.76536788619103,40.3684597195445
SEMAFORO 2/200 PEATON - BICI,10,38767,1810,2004-07-29T00:00:00Z,-3.76520375916241,40.3685575544667
SEMAFORO 2/200 PEATON - BICI,10,47279,1745,2003-11-02T00:00:00Z,-3.76010238804276,40.3841660873805
SEMAFORO 2/200 PEATON - BICI,10,38768,1810,2004-07-29T00:00:00Z,-3.76528841481994,40.3685297035675
SEMAFORO 2/200 BICI,10,52636,242,2014-06-11T00:00:00Z,-3.72390662362348,40.4139268046895
SEMAFORO 2/200 BICI,10,52637,242,2014-06-11T00:00:00Z,-3.72390122541131,40.4141229682631
SEMAFORO 2/200 PEATON - BICI,10,49254,939,1980-02-01T00:00:00Z,-3.75785267968866,40.3976201631705
SEMAFORO 2/200 PEATON - BICI,10,49255,939,1980-02-01T00:00:00Z,-3.75786883048738,40.3975842272917
SEMAFORO 2/200 PEATON - BICI,10,38770,1810,2004-07-29T00:00:00Z,-3.76545611125107,40.368425639079
SEMAFORO 2/200 PEATON - BICI,10,47280,1745,2003-11-02T00:00:00Z,-3.75995953814935,40.3842701726869
SEMAFORO 2/200 PEATON - BICI,10,46486,1011,1981-02-07T00:00:00Z,-3.73006927407147,40.4023761216241
SEMAFORO 2/200 PEATON - BICI,10,46485,1011,1981-02-07T00:00:00Z,-3.72996917898652,40.4024043872214
SEMAFORO 2/200 PEATON - BICI,10,46484,1011,1981-02-07T00:00:00Z,-3.72986970582918,40.4025419052764
SEMAFORO 2/200 PEATON - BICI,10,46483,1011,1981-02-07T00:00:00Z,-3.72977965426743,40.4025718306333
SEMAFORO 2/200 PEATON - BICI,10,30483,1997,2007-04-05T00:00:00Z,-3.7389677272456,40.4111645382138
SEMAFORO 2/200 PEATON - BICI,11,39253,1333,1992-08-13T00:00:00Z,-3.74215439023164,40.3730813007434
SEMAFORO 2/200 PEATON - BICI,11,39252,1333,1992-08-13T00:00:00Z,-3.74203942440275,40.3730822801502
SEMAFORO 2/200 PEATON - BICI,11,39251,1333,2020-01-23T00:00:00Z,-3.74195732736761,40.3730853772298
SEMAFORO 2/200 PEATON - BICI,11,39250,1333,1992-08-13T00:00:00Z,-3.74188496244556,40.3730903069755
SEMAFORO 2/200 PEATON - BICI,11,43928,1338,1992-10-09T00:00:00Z,-3.74679456034882,40.3748409552899
SEMAFORO 2/200 PEATON - BICI,11,43929,1338,2020-09-22T00:00:00Z,-3.74674770118569,40.3748010018122
SEMAFORO 2/200 PEATON - BICI,11,39045,1341,1992-09-25T00:00:00Z,-3.75328455604797,40.3767690701404
SEMAFORO 2/200 PEATON - BICI,11,39044,1341,1992-09-25T00:00:00Z,-3.7533532939854,40.3768077734052
SEMAFORO 2/200 PEATON - BICI,11,39222,1814,2018-01-10T00:00:00Z,-3.74397452258501,40.363500137216
SEMAFORO 2/200 PEATON - BICI,11,39223,1814,2018-01-10T00:00:00Z,-3.74400090554261,40.3635725252537
SEMAFORO 2/200 PEATON - BICI,11,39225,1814,2018-01-10T00:00:00Z,-3.74404879553033,40.3637964321705
SEMAFORO 2/200 PEATON - BICI,11,39224,1814,2004-07-29T00:00:00Z,-3.74401991338703,40.3637213770825
SEMAFORO 2/200 PEATON - BICI,11,39198,1817,2004-07-29T00:00:00Z,-3.74802253078391,40.3629886071429
SEMAFORO 2/200 PEATON - BICI,11,39207,1817,2004-07-29T00:00:00Z,-3.74818628825579,40.362663981949
SEMAFORO 2/200 PEATON - BICI,11,39197,1817,2004-07-29T00:00:00Z,-3.74826963860591,40.3628761921483
SEMAFORO 2/200 PEATON - BICI,11,39196,1817,2004-07-29T00:00:00Z,-3.7482444393905,40.3628043444011
SEMAFORO 2/200 PEATON - BICI,11,39199,1817,2004-07-29T00:00:00Z,-3.74790441146852,40.3630119333946
SEMAFORO 2/200 PEATON - BICI,11,39204,1817,2004-07-29T00:00:00Z,-3.74779009107505,40.3625985111218
SEMAFORO 2/200 PEATON - BICI,11,39205,1817,2004-07-29T00:00:00Z,-3.74783298813498,40.3625903170836
SEMAFORO 2/200 PEATON - BICI,11,39206,1817,2004-07-29T00:00:00Z,-3.74815318181115,40.3625890778399
SEMAFORO 2/200 PEATON - BICI,11,39194,1815,2004-07-29T00:00:00Z,-3.75169089166456,40.361877338501
SEMAFORO 2/200 PEATON - BICI,11,39188,1815,2004-07-29T00:00:00Z,-3.7516541088629,40.3622957055529
SEMAFORO 2/200 PEATON - BICI,11,39195,1815,2004-07-29T00:00:00Z,-3.75164885422059,40.3618751392705
SEMAFORO 2/200 PEATON - BICI,11,39189,1815,2004-07-29T00:00:00Z,-3.75161247695522,40.3622938115008
SEMAFORO 2/200 PEATON - BICI,11,39158,1807,2004-07-29T00:00:00Z,-3.75427168230836,40.3620821795165
SEMAFORO 2/200 PEATON - BICI,11,39160,1807,2004-07-29T00:00:00Z,-3.75425748405825,40.3623055145747
SEMAFORO 2/200 PEATON - BICI,11,39161,1807,2004-07-29T00:00:00Z,-3.75425105880705,40.3623756902249
SEMAFORO 2/200 PEATON - BICI,11,39165,1807,2004-07-29T00:00:00Z,-3.75364715565451,40.3624693915469
SEMAFORO 2/200 PEATON - BICI,11,39162,1807,2004-07-29T00:00:00Z,-3.75389823373576,40.3624806452926
SEMAFORO 2/200 PEATON - BICI,11,39163,1807,2004-07-29T00:00:00Z,-3.75385670992418,40.3624790359304
SEMAFORO 2/200 PEATON - BICI,11,39164,1807,2004-07-29T00:00:00Z,-3.7536931450851,40.3624715247175
SEMAFORO 2/200 PEATON - BICI,11,39170,1807,2004-07-29T00:00:00Z,-3.75375537632572,40.3618454919776
SEMAFORO 2/200 PEATON - BICI,11,39171,1807,2004-07-29T00:00:00Z,-3.753946529471,40.3618643079551
SEMAFORO 2/200 PEATON - BICI,11,39151,1786,2004-05-14T00:00:00Z,-3.75604504777692,40.3625365203645
SEMAFORO 2/200 PEATON - BICI,11,39150,1786,2004-05-14T00:00:00Z,-3.75610341479854,40.362539278089
SEMAFORO 2/200 PEATON - BICI,11,39157,1786,2004-05-14T00:00:00Z,-3.75608495093128,40.3621140874619
SEMAFORO 2/200 PEATON - BICI,11,39156,1786,2004-05-14T00:00:00Z,-3.75614103128241,40.3621176317324
SEMAFORO 2/200 PEATON - BICI,11,39149,1790,2004-05-14T00:00:00Z,-3.7578743016316,40.3622071991916
SEMAFORO 2/200 PEATON - BICI,11,39148,1790,2004-05-14T00:00:00Z,-3.75776842167075,40.3622017510245
SEMAFORO 2/200 PEATON - BICI,11,39147,1790,2004-05-14T00:00:00Z,-3.75748100947698,40.3622609920961
SEMAFORO 2/200 PEATON - BICI,11,39146,1790,2004-05-14T00:00:00Z,-3.75747161654132,40.3623319605003
SEMAFORO 2/200 PEATON - BICI,11,39145,1790,2004-05-14T00:00:00Z,-3.75744898000036,40.3624782616876
SEMAFORO 2/200 PEATON - BICI,11,39144,1790,2004-05-14T00:00:00Z,-3.75744281127923,40.3625463451282
SEMAFORO 2/200 PEATON - BICI,11,39143,1790,2004-05-14T00:00:00Z,-3.75773069685097,40.3626312929575
SEMAFORO 2/200 PEATON - BICI,11,39142,1790,2004-05-14T00:00:00Z,-3.75784735284152,40.3626344523707
SEMAFORO 2/200 PEATON - BICI,11,39136,1787,2004-05-17T00:00:00Z,-3.75998489885189,40.3623360505885
SEMAFORO 2/200 PEATON - BICI,11,39130,1787,2004-05-17T00:00:00Z,-3.75994335659196,40.3627511957729
SEMAFORO 2/200 PEATON - BICI,11,39137,1787,2004-05-17T00:00:00Z,-3.75993303086886,40.3623338243847
SEMAFORO 2/200 PEATON - BICI,11,39131,1787,2004-05-17T00:00:00Z,-3.75989013408592,40.362749151351
SEMAFORO 2/200 PEATON - BICI,11,39120,1788,2004-05-17T00:00:00Z,-3.76231730583057,40.3638161194864
SEMAFORO 2/200 PEATON - BICI,11,39119,1788,2004-05-17T00:00:00Z,-3.76236043986551,40.3640496131475
SEMAFORO 2/200 PEATON - BICI,11,39118,1788,2004-05-17T00:00:00Z,-3.76241065035243,40.364131274991
SEMAFORO 2/200 PEATON - BICI,11,39125,1788,2004-05-17T00:00:00Z,-3.76290632875623,40.3639567607074
SEMAFORO 2/200 PEATON - BICI,11,39124,1788,2004-05-17T00:00:00Z,-3.76286120833909,40.3638786836281
SEMAFORO 2/200 PEATON - BICI,11,39123,1788,2004-05-17T00:00:00Z,-3.76266493718691,40.3636942141955
SEMAFORO 2/200 PEATON - BICI,11,39122,1788,2004-05-17T00:00:00Z,-3.76257685730086,40.3637236713299
SEMAFORO 2/200 PEATON - BICI,11,39121,1788,2004-05-17T00:00:00Z,-3.76239753188531,40.3637872042083
SEMAFORO 2/200 PEATON - BICI,11,38780,1789,2004-05-17T00:00:00Z,-3.76366253031873,40.3663325262264
SEMAFORO 2/200 PEATON - BICI,11,38779,1789,2020-02-19T00:00:00Z,-3.76363956527069,40.3662919614484
SEMAFORO 2/200 PEATON - BICI,11,38874,1841,2004-09-09T00:00:00Z,-3.73363989860176,40.387163948769
SEMAFORO 2/200 PEATON - BICI,11,30780,1841,2004-09-09T00:00:00Z,-3.733650834393,40.3873864327546
SEMAFORO 2/200 BICI,11,50588,1913,2005-11-11T00:00:00Z,-3.74327570145657,40.3824188946788
SEMAFORO 2/200 PEATON - BICI,11,38726,1969,2006-09-20T00:00:00Z,-3.76250944342435,40.3725742282852
SEMAFORO 2/200 PEATON - BICI,11,38725,1969,2006-09-20T00:00:00Z,-3.76247992605302,40.3726849214574
SEMAFORO 2/200 PEATON - BICI,11,39337,1947,2006-06-04T00:00:00Z,-3.73120059509832,40.3732783432589
SEMAFORO 2/200 PEATON - BICI,11,39336,1947,2006-06-04T00:00:00Z,-3.73141353773072,40.3732936432934
SEMAFORO 2/200 PEATON - BICI,11,39113,2056,2008-08-22T00:00:00Z,-3.76427976916644,40.3634930984529
SEMAFORO 2/200 PEATON - BICI,11,39112,2056,2008-08-22T00:00:00Z,-3.76422886481547,40.3634068152304
SEMAFORO 2/200 PEATON - BICI,11,39126,2072,2009-03-26T00:00:00Z,-3.76067526173917,40.3647257191976
SEMAFORO 2/200 PEATON - BICI,11,39127,2072,2009-03-26T00:00:00Z,-3.76062778810146,40.36464728227
SEMAFORO 3/200 BICI,11,22096,2272,2017-09-08T00:00:00Z,-3.71900580846459,40.3852609526047
SEMAFORO 3/200 BICI,11,53705,2272,2017-09-08T00:00:00Z,-3.72013553943736,40.3852642442081
SEMAFORO 3/200 BICI,11,53698,2272,2017-09-08T00:00:00Z,-3.72005147851411,40.3852628227331
SEMAFORO 3/200 BICI,11,53697,2272,2017-09-08T00:00:00Z,-3.71908710158679,40.3852637183393
SEMAFORO 2/200 BICI,11,50587,1913,2005-11-11T00:00:00Z,-3.74333137974935,40.3823814759761
SEMAFORO 2/200 PEATON - BICI,11,39159,1807,2004-07-29T00:00:00Z,-3.75426522332719,40.3621548826632
SEMAFORO 2/200 PEATON - BICI,11,30788,287,1968-07-03T00:00:00Z,-3.7318459501281,40.388388436773
SEMAFORO 2/200 PEATON - BICI,11,30787,287,2015-03-25T00:00:00Z,-3.73201564809297,40.3884101231414
SEMAFORO 3/200 BICI,11,21671,598,2014-12-21T00:00:00Z,-3.72960188371789,40.3872148685753
SEMAFORO 3/200 BICI,11,53828,598,1973-09-28T00:00:00Z,-3.72966281793707,40.3872677226658
SEMAFORO 3/200 BICI,11,53830,598,1973-09-28T00:00:00Z,-3.72923518020497,40.3869889118547
SEMAFORO 2/200 PEATON - BICI,11,38867,345,2019-06-06T00:00:00Z,-3.7349694141252,40.3865128511884
SEMAFORO 2/200 PEATON - BICI,11,38871,345,2019-06-06T00:00:00Z,-3.73478461815724,40.3863978353351
SEMAFORO 3/200 BICI,11,53834,320,1968-09-16T00:00:00Z,-3.72775543370107,40.3863392868872
SEMAFORO 3/200 BICI,11,53833,320,1968-09-16T00:00:00Z,-3.72782837873054,40.3863728100413
SEMAFORO 3/200 BICI,11,21698,320,1968-09-16T00:00:00Z,-3.72749443002957,40.386224683504
SEMAFORO 3/200 BICI,11,53841,128,1964-11-23T00:00:00Z,-3.72579585587225,40.3857915970944
SEMAFORO 3/200 BICI,11,53838,128,1964-11-23T00:00:00Z,-3.72607703832572,40.3858305955427
SEMAFORO 3/200 BICI,11,53839,128,1964-11-23T00:00:00Z,-3.72615567088574,40.3858473026674
SEMAFORO 2/200 PEATON - BICI,11,38810,443,1971-04-22T00:00:00Z,-3.73717781703932,40.3853490415583
SEMAFORO 2/200 PEATON - BICI,11,38812,443,1971-04-22T00:00:00Z,-3.73720045090572,40.3851577315137
SEMAFORO 3/200 BICI,11,21733,346,2015-03-01T00:00:00Z,-3.72337364115489,40.385437299122
SEMAFORO 3/200 BICI,11,21729,346,1969-12-04T00:00:00Z,-3.72370093236008,40.385484211606
SEMAFORO 3/200 BICI,11,53826,346,1969-12-04T00:00:00Z,-3.72378032079423,40.3854950290366
SEMAFORO 3/200 BICI,11,21738,647,1975-01-29T00:00:00Z,-3.72160992415326,40.3852781567085
SEMAFORO 3/200 BICI,11,49403,647,1975-01-29T00:00:00Z,-3.72192948017414,40.3852851307037
SEMAFORO 3/200 BICI,11,53825,647,1975-01-29T00:00:00Z,-3.72200826214207,40.3852892027467
SEMAFORO 3/200 BICI,11,53824,253,1967-10-26T00:00:00Z,-3.7182309894295,40.385257641515
SEMAFORO 2/200 PEATON - BICI,11,39346,797,1993-05-15T00:00:00Z,-3.72635782436359,40.373194026378
SEMAFORO 2/200 PEATON - BICI,11,39347,797,1993-05-15T00:00:00Z,-3.72615684025871,40.3731956107043
SEMAFORO 3/200 BICI,11,21643,927,1979-11-10T00:00:00Z,-3.73059620417595,40.3880295246504
SEMAFORO 2/200 PEATON - BICI,11,38813,1013,1981-07-24T00:00:00Z,-3.74080837106151,40.3836550084974
SEMAFORO 2/200 PEATON - BICI,11,38814,1013,1981-07-24T00:00:00Z,-3.7408859912386,40.3837188366872
SEMAFORO 2/200 PEATON - BICI,11,38815,1013,1981-07-24T00:00:00Z,-3.74098874482792,40.3836912931869
SEMAFORO 2/200 PEATON - BICI,11,38816,1013,1981-07-24T00:00:00Z,-3.74104254889988,40.3836533527203
SEMAFORO 2/200 PEATON - BICI,11,39331,1010,1981-02-07T00:00:00Z,-3.73454944024897,40.3733256235034
SEMAFORO 2/200 PEATON - BICI,11,39328,1010,1981-02-07T00:00:00Z,-3.73433539153923,40.3732223524364
SEMAFORO 2/200 PEATON - BICI,11,39329,1010,1981-02-07T00:00:00Z,-3.7343605071729,40.3732941713585
SEMAFORO 2/200 PEATON - BICI,11,39330,1010,1981-02-07T00:00:00Z,-3.73446377897395,40.3733017747117
SEMAFORO 2/200 PEATON - BICI,11,38863,1069,1983-09-02T00:00:00Z,-3.74234716203363,40.3828819576891
SEMAFORO 2/200 PEATON - BICI,11,38864,1069,1983-09-02T00:00:00Z,-3.74235438937594,40.3828650237599
SEMAFORO 2/200 PEATON - BICI,11,39061,1086,1983-09-12T00:00:00Z,-3.75055768466638,40.3759065046144
SEMAFORO 2/200 PEATON - BICI,11,39060,1086,1983-09-12T00:00:00Z,-3.75067779867406,40.3759397561352
SEMAFORO 2/200 PEATON - BICI,11,39355,1328,1992-07-23T00:00:00Z,-3.72274600385304,40.373424943185
SEMAFORO 2/200 PEATON - BICI,11,39359,1328,1992-07-23T00:00:00Z,-3.72175882904103,40.3734783157424
SEMAFORO 2/200 PEATON - BICI,11,50555,1328,1992-07-23T00:00:00Z,-3.72185316002226,40.3734856781151
SEMAFORO 2/200 PEATON - BICI,11,50556,1328,1992-07-23T00:00:00Z,-3.72189198676641,40.373467360873
SEMAFORO 2/200 PEATON - BICI,11,39354,1328,1992-07-23T00:00:00Z,-3.7228121055093,40.3734252178471
SEMAFORO 2/200 PEATON - BICI,11,39358,1328,1992-07-23T00:00:00Z,-3.72181123238083,40.3734898893791
SEMAFORO 2/200 PEATON - BICI,11,39306,1332,1992-08-13T00:00:00Z,-3.738617776641,40.3736060960068
SEMAFORO 2/200 PEATON - BICI,11,39307,1332,1992-08-13T00:00:00Z,-3.73873405745368,40.3735921928431
SEMAFORO 2/200 PEATON - BICI,12,55542,4568,,-3.70262695593361,40.3732861842554
SEMAFORO 2/200 PEATON - BICI,12,31436,1746,2021-07-07T00:00:00Z,-3.69460761001107,40.3754223994864
SEMAFORO 2/200 PEATON - BICI,12,31434,1746,2021-07-07T00:00:00Z,-3.69517989731659,40.375359234358
SEMAFORO 2/200 PEATON - BICI,12,31433,1746,2003-02-24T00:00:00Z,-3.69526255034052,40.3753239586581
SEMAFORO 2/200 PEATON - BICI,12,31435,1746,2003-02-24T00:00:00Z,-3.69467761283092,40.375463632162
SEMAFORO 2/200 PEATON - BICI,12,29088,1219,2018-09-26T00:00:00Z,-3.7106690713576,40.3727100842135
SEMAFORO 2/200 PEATON - BICI,12,29089,1219,2018-09-26T00:00:00Z,-3.71057026799956,40.3726974872141
SEMAFORO 2/200 PEATON - BICI,12,29096,1031,2021-04-28T00:00:00Z,-3.7050026213453,40.3714323170575
SEMAFORO 2/200 PEATON - BICI,12,29097,1031,1981-06-10T00:00:00Z,-3.70505510831786,40.3713284738595
SEMAFORO 2/200 PEATON - BICI,12,29070,231,1967-06-17T00:00:00Z,-3.71949135916599,40.3734235191317
SEMAFORO 2/200 PEATON - BICI,12,29073,231,1967-06-17T00:00:00Z,-3.72002666641699,40.3734035360141
SEMAFORO 2/200 PEATON - BICI,12,55541,4568,,-3.7027685652782,40.3733066434349
SEMAFORO 2/200 PEATON - BICI,12,29084,821,2018-09-28T00:00:00Z,-3.71236721403144,40.3728918470932
SEMAFORO 2/200 PEATON - BICI,12,29085,821,2018-09-28T00:00:00Z,-3.71226192312924,40.3728930491453
SEMAFORO 2/200 PEATON - BICI,12,29072,231,1967-06-17T00:00:00Z,-3.71994216203145,40.3733975633376
SEMAFORO 2/200 PEATON - BICI,12,29071,231,1967-06-17T00:00:00Z,-3.71958489437626,40.3734284032872
SEMAFORO 2/200 PEATON - BICI,13,48291,716,1976-12-28T00:00:00Z,-3.6633365765781,40.3685623881173
SEMAFORO 2/200 PEATON - BICI,13,48292,716,1976-12-28T00:00:00Z,-3.66338485605473,40.3685702732757
SEMAFORO 2/200 PEATON - BICI,13,54660,4531,2018-10-23T00:00:00Z,-3.65573081745973,40.3752614798181
SEMAFORO 2/200 PEATON - BICI,13,32325,1174,1989-04-05T00:00:00Z,-3.64960771555568,40.3946012839222
SEMAFORO 2/200 PEATON - BICI,13,32324,1174,1989-04-05T00:00:00Z,-3.64965692535616,40.3946214115353
SEMAFORO 2/200 PEATON - BICI,13,54659,4531,2018-10-23T00:00:00Z,-3.65568524671954,40.3753425858704
SEMAFORO 2/200 PEATON - BICI,13,54658,4531,2018-10-23T00:00:00Z,-3.65571165665087,40.3752960481232
SEMAFORO 2/200 PEATON - BICI,13,54657,4531,2018-10-23T00:00:00Z,-3.6557534086642,40.3752232472861
SEMAFORO 2/200 PEATON - BICI,13,31714,2078,2009-06-16T00:00:00Z,-3.66865215243979,40.3826038710806
SEMAFORO 2/200 PEATON - BICI,13,31715,2078,2009-06-16T00:00:00Z,-3.66867728979573,40.3826348835054
SEMAFORO 2/200 PEATON - BICI,13,47806,1654,2000-05-12T00:00:00Z,-3.65964717274393,40.3763689949006
SEMAFORO 2/200 PEATON - BICI,13,47804,1654,2000-05-12T00:00:00Z,-3.65961436167741,40.3764437576513
SEMAFORO 2/200 PEATON - BICI,13,47803,1654,2000-05-12T00:00:00Z,-3.6595946374118,40.376487967891
SEMAFORO 2/200 PEATON - BICI,13,47805,1654,2000-05-12T00:00:00Z,-3.65962651158094,40.3764092978593
SEMAFORO 2/200 PEATON - BICI,13,32314,1144,1987-05-18T00:00:00Z,-3.64018808672483,40.394124190895
SEMAFORO 2/200 PEATON - BICI,13,32313,1144,1987-05-18T00:00:00Z,-3.64029258818045,40.3941036048577
SEMAFORO 2/200 PEATON - BICI,13,32315,1144,1987-05-18T00:00:00Z,-3.64006180789268,40.3941103215346
SEMAFORO 2/200 PEATON - BICI,13,32312,1144,1987-05-18T00:00:00Z,-3.64040247612583,40.3941494040486
SEMAFORO 1/200 BICI,13,55264,1137,,-3.64028992475739,40.3872478787058
SEMAFORO 1/200 BICI,13,55263,1137,,-3.64002165163597,40.387499385787
SEMAFORO 3/200 BICI,14,6006,599,1973-10-26T00:00:00Z,-3.65509948565063,40.4105904105408
SEMAFORO 3/200 BICI,14,55446,675,,-3.64780167400621,40.4090610525255
SEMAFORO 2/200 PEATON - BICI,14,35310,635,1974-11-11T00:00:00Z,-3.65793158621489,40.4105291616763
SEMAFORO 3/200 BICI,14,34685,635,1974-11-11T00:00:00Z,-3.6578907075262,40.4107772698657
SEMAFORO 2/200 PEATON - BICI,14,35308,635,1974-11-11T00:00:00Z,-3.65793313927554,40.4106621911128
SEMAFORO 2/200 PEATON - BICI,14,35307,635,1974-11-11T00:00:00Z,-3.65793350419719,40.4107596839653
SEMAFORO 3/200 BICI,14,55407,635,1974-11-11T00:00:00Z,-3.65797406801575,40.4105120770524
SEMAFORO 3/200 BICI,14,6000,599,1973-10-26T00:00:00Z,-3.65585853542562,40.4108161657961
SEMAFORO 3/200 BICI,14,6004,599,1973-10-26T00:00:00Z,-3.65501203665723,40.4108148613105
SEMAFORO 3/200 BICI,14,6010,599,1973-10-26T00:00:00Z,-3.65585324935311,40.4105524795556
SEMAFORO 2/200 PEATON - BICI,14,35292,599,1973-10-26T00:00:00Z,-3.6557169714838,40.4104100239756
SEMAFORO 2/200 PEATON - BICI,14,35285,642,1974-02-12T00:00:00Z,-3.65246703789385,40.410194387251
SEMAFORO 3/200 BICI,14,6017,642,1974-02-12T00:00:00Z,-3.65225289709081,40.4104202980579
SEMAFORO 3/200 BICI,14,55400,642,,-3.65260245449479,40.4105106176885
SEMAFORO 2/200 PEATON - BICI,14,35279,570,1973-05-23T00:00:00Z,-3.64971453336895,40.40974979102
SEMAFORO 3/200 BICI,14,55425,570,,-3.64967855888205,40.4094586357032
SEMAFORO 3/200 BICI,14,6068,570,1973-05-23T00:00:00Z,-3.64991982354434,40.4097602435978
SEMAFORO 3/200 BICI,14,55423,570,,-3.64956789853626,40.4096623647648
SEMAFORO 3/200 BICI,14,55420,570,,-3.65001733325537,40.4095553988079
SEMAFORO 3/200 BICI,14,6060,675,1975-10-20T00:00:00Z,-3.64735368927767,40.4088710143371
SEMAFORO 3/200 BICI,14,6065,675,1975-10-20T00:00:00Z,-3.64793390846464,40.40886480984
SEMAFORO 3/200 BICI,14,55438,675,,-3.64757931400754,40.4087209632863
SEMAFORO 2/200 PEATON - BICI,14,35274,675,1975-10-20T00:00:00Z,-3.64776208877151,40.4087304370995
SEMAFORO 2/200 PEATON - BICI,14,35270,675,1975-10-20T00:00:00Z,-3.64759290585212,40.409032919551
SEMAFORO 3/200 BICI,14,6093,676,1975-10-20T00:00:00Z,-3.64529594891034,40.4083564374916
SEMAFORO 2/200 PEATON - BICI,14,35263,676,1975-10-20T00:00:00Z,-3.64609252986716,40.4081203723739
SEMAFORO 3/200 BICI,14,35261,676,1975-10-20T00:00:00Z,-3.64601526356605,40.4083588416659
SEMAFORO 2/200 PEATON - BICI,14,55470,676,,-3.6461164462104,40.4080961503694
SEMAFORO 2/200 PEATON - BICI,14,55468,676,,-3.64597657688086,40.4083373713202
SEMAFORO 2/200 PEATON - BICI,14,55469,676,,-3.64598781398045,40.4082733591203
SEMAFORO 3/200 BICI,14,55457,676,,-3.6453732436655,40.4083022095102
SEMAFORO 3/100 BICI,14,52391,2082,2009-12-09T00:00:00Z,-3.64898846773408,40.4123861716364
SEMAFORO 2/200 PEATON - BICI,14,1249,1040,1981-12-18T00:00:00Z,-3.64168107460241,40.4096198974483
SEMAFORO 3/100 BICI,14,52394,1123,1986-03-06T00:00:00Z,-3.64754467810123,40.4120985277715
SEMAFORO 3/200 BICI,14,55450,1344,,-3.6432628539551,40.409048844589
SEMAFORO 2/200 PEATON - BICI,14,38443,1578,1999-07-05T00:00:00Z,-3.65273327021651,40.4137315145656
SEMAFORO 2/200 PEATON - BICI,14,38447,1578,1999-07-05T00:00:00Z,-3.65299448905801,40.4133351155412
SEMAFORO 2/200 PEATON - BICI,14,38444,1578,1999-07-05T00:00:00Z,-3.65273480460421,40.4136985390157
SEMAFORO 2/200 PEATON - BICI,14,38448,1578,1999-07-05T00:00:00Z,-3.65283487746856,40.4132893865539
SEMAFORO 2/200 PEATON - BICI,14,38446,1578,1999-07-05T00:00:00Z,-3.65290521214389,40.4134473020427
SEMAFORO 2/200 PEATON - BICI,14,38445,1578,1999-07-05T00:00:00Z,-3.65284802331366,40.4135043517987
SEMAFORO 2/200 PEATON - BICI,14,44448,1742,2003-01-30T00:00:00Z,-3.62950063600665,40.4104688073445
SEMAFORO 2/200 PEATON - BICI,14,44449,1742,2003-01-30T00:00:00Z,-3.62945482600106,40.4104006519914
SEMAFORO 2/200 PEATON - BICI,14,1190,1742,2003-01-30T00:00:00Z,-3.62965940520173,40.4103762444402
SEMAFORO 2/200 PEATON - BICI,14,1191,1742,2003-01-30T00:00:00Z,-3.62971683164061,40.4103929649494
SEMAFORO 2/200 PEATON - BICI,14,1192,1742,2003-01-30T00:00:00Z,-3.62978624094494,40.4104159635173
SEMAFORO 2/200 PEATON - BICI,14,1193,1742,2003-01-30T00:00:00Z,-3.62984139753381,40.4104322346387
SEMAFORO 2/200 PEATON - BICI,14,1194,1742,2003-01-30T00:00:00Z,-3.62996974528718,40.4106366837898
SEMAFORO 2/200 PEATON - BICI,14,1195,1742,2003-01-30T00:00:00Z,-3.62994981873697,40.4105662732042
SEMAFORO 2/200 PEATON - BICI,14,48258,1748,2003-04-30T00:00:00Z,-3.62789206652233,40.3987735970793
SEMAFORO 2/200 PEATON - BICI,14,48259,1748,2003-04-30T00:00:00Z,-3.62785685739721,40.3988818873491
SEMAFORO 2/200 PEATON - BICI,14,48281,1747,2003-04-30T00:00:00Z,-3.62544245756298,40.4064937936719
SEMAFORO 2/200 PEATON - BICI,14,48280,1747,2003-04-30T00:00:00Z,-3.62545068804462,40.4062247524844
SEMAFORO 2/200 PEATON - BICI,14,37639,1747,2003-04-30T00:00:00Z,-3.62545020294139,40.4064429838538
SEMAFORO 2/200 PEATON - BICI,14,37640,1747,2003-04-30T00:00:00Z,-3.62543821314994,40.4062712693261
SEMAFORO 3/200 BICI,14,55379,4552,,-3.65377336849896,40.4107211468475
SEMAFORO 3/200 BICI,14,55391,4552,,-3.65385627380046,40.4105026687688
SEMAFORO 3/200 BICI,14,55417,4551,,-3.65118502018284,40.4099018980453
SEMAFORO 3/200 BICI,14,55409,4551,,-3.65106405067937,40.4101005573326
SEMAFORO 3/200 BICI,14,1129,1344,1992-10-29T00:00:00Z,-3.64332277816271,40.4089834101547
SEMAFORO 2/200 PEATON - BICI,14,1246,1040,1981-12-18T00:00:00Z,-3.64135520483763,40.4100874963868
SEMAFORO 2/200 PEATON - BICI,14,1247,1040,1981-12-18T00:00:00Z,-3.64149148196022,40.4100915767854
SEMAFORO 2/200 PEATON - BICI,14,1248,1040,1981-12-18T00:00:00Z,-3.64164279717111,40.4095661914143
SEMAFORO 3/200 BICI,14,6019,642,1974-02-12T00:00:00Z,-3.65234692919383,40.4102117240681
SEMAFORO 3/200 BICI,14,6024,642,1974-02-12T00:00:00Z,-3.6527053193077,40.4102941036647
SEMAFORO 3/100 BICI,15,52388,1028,1981-09-27T00:00:00Z,-3.6537617171647,40.4242388151774
SEMAFORO 3/100 BICI,15,51445,1104,1985-06-14T00:00:00Z,-3.63536272813503,40.42306078611
SEMAFORO 3/100 BICI,15,53656,1104,1985-06-14T00:00:00Z,-3.63297893143354,40.4231543994019
SEMAFORO 2/200 PEATON - BICI,15,45129,665,1975-09-06T00:00:00Z,-3.65002354739307,40.4266328673116
SEMAFORO 3/100 BICI,15,52380,665,1975-09-06T00:00:00Z,-3.6497724253649,40.4268263724083
SEMAFORO 3/100 BICI,15,52379,665,1975-09-06T00:00:00Z,-3.65039028396047,40.4266157812521
SEMAFORO 2/200 PEATON - BICI,15,45130,665,1975-09-06T00:00:00Z,-3.65005366423287,40.4265717550483
SEMAFORO 2/200 PEATON - BICI,15,47399,620,1974-05-13T00:00:00Z,-3.64735872394566,40.4268327762831
SEMAFORO 3/100 BICI,15,52378,1446,1996-01-26T00:00:00Z,-3.65242777019984,40.4252187070815
SEMAFORO 3/100 BICI,15,52381,620,1974-05-13T00:00:00Z,-3.64786704663856,40.4271187004101
SEMAFORO 2/200 PEATON - BICI,15,45156,881,1978-06-21T00:00:00Z,-3.63903601077724,40.4230580812882
SEMAFORO 2/200 PEATON - BICI,15,29972,620,1974-05-13T00:00:00Z,-3.64710396100849,40.4268382319508
SEMAFORO 2/200 PEATON - BICI,15,29980,620,1974-05-13T00:00:00Z,-3.64770357477686,40.4269550753535
SEMAFORO 2/200 PEATON - BICI,15,29979,620,1974-05-13T00:00:00Z,-3.64765726699263,40.4269455792909
SEMAFORO 2/200 PEATON - BICI,15,29978,620,1974-05-13T00:00:00Z,-3.64740794942098,40.4268720076701
SEMAFORO 3/100 BICI,15,54490,2057,2008-08-27T00:00:00Z,-3.64841662988299,40.437203353018
SEMAFORO 3/100 BICI,15,45158,881,1978-06-21T00:00:00Z,-3.63871750255946,40.4231347494793
SEMAFORO 3/100 BICI,15,52382,722,1977-10-03T00:00:00Z,-3.65642198724331,40.4222861713319
SEMAFORO 2/200 PEATON - BICI,15,38402,722,1977-10-03T00:00:00Z,-3.6559390752893,40.4223159569029
SEMAFORO 2/200 PEATON - BICI,15,38401,722,1977-10-03T00:00:00Z,-3.65589004678295,40.4223490917792
SEMAFORO 2/200 PEATON - BICI,15,47357,2098,2010-01-20T00:00:00Z,-3.64589124237365,40.4394408191218
SEMAFORO 2/200 PEATON - BICI,15,47358,2098,2010-01-20T00:00:00Z,-3.64580688039944,40.4394014659923
SEMAFORO 2/200 PEATON - BICI,15,48320,2098,2010-01-20T00:00:00Z,-3.64605991562922,40.4391815056164
SEMAFORO 2/200 PEATON - BICI,15,48319,2098,2010-01-20T00:00:00Z,-3.64612639026541,40.4391896078535
SEMAFORO 2/200 PEATON - BICI,15,47360,2098,2010-01-20T00:00:00Z,-3.64586586672842,40.4392934770498
SEMAFORO 2/200 PEATON - BICI,15,47359,2098,2010-01-20T00:00:00Z,-3.64583866406715,40.4393289434176
SEMAFORO 3/100 BICI,15,52384,1445,1996-01-26T00:00:00Z,-3.65500990403346,40.4233494228381
SEMAFORO 2/200 PEATON - BICI,15,38375,1019,1981-07-09T00:00:00Z,-3.65563440650219,40.4208874777647
SEMAFORO 2/200 PEATON - BICI,15,38376,1019,1981-07-09T00:00:00Z,-3.65566474196873,40.4207965930554
SEMAFORO 2/200 PEATON - BICI,15,45155,881,1978-06-21T00:00:00Z,-3.63917948175868,40.4230070483455
SEMAFORO 2/200 PEATON - BICI,15,45154,881,1978-06-21T00:00:00Z,-3.63921541377361,40.4229841891357
SEMAFORO 2/200 PEATON - BICI,15,45157,881,1978-06-21T00:00:00Z,-3.63896446980575,40.4230287822141
SEMAFORO 3/100 BICI,15,52389,629,1974-08-21T00:00:00Z,-3.65144645934233,40.4258808197789
SEMAFORO 2/200 PEATON - BICI,15,30148,629,1974-08-21T00:00:00Z,-3.65133204484665,40.4258799250506
SEMAFORO 2/200 PEATON - BICI,15,30147,629,1974-08-21T00:00:00Z,-3.6513897790945,40.4258381693368
SEMAFORO 2/200 PEATON - BICI,15,34137,532,1972-10-28T00:00:00Z,-3.64202061291767,40.4410066621605
SEMAFORO 2/200 PEATON - BICI,15,34136,532,1972-10-28T00:00:00Z,-3.64214794803391,40.4410537196018
SEMAFORO 2/200 PEATON - BICI,15,34135,532,1972-10-28T00:00:00Z,-3.64229646010189,40.4410855865005
SEMAFORO 2/200 PEATON - BICI,15,34134,532,1972-10-28T00:00:00Z,-3.64231042211884,40.4410747327952
SEMAFORO 3/100 BICI,15,52390,312,1968-11-07T00:00:00Z,-3.64048806663752,40.4416767338496
SEMAFORO 2/200 PEATON - BICI,15,34102,398,1970-05-14T00:00:00Z,-3.64668704643124,40.4382352009677
SEMAFORO 2/200 PEATON - BICI,15,34103,398,1970-05-14T00:00:00Z,-3.64671245743096,40.438124245478
SEMAFORO 2/200 PEATON - BICI,15,37021,664,1975-05-27T00:00:00Z,-3.63701059729119,40.436871356632
SEMAFORO 2/200 PEATON - BICI,15,36901,479,1971-11-29T00:00:00Z,-3.64978867466273,40.4365883797077
SEMAFORO 2/200 PEATON - BICI,15,36902,479,1971-11-29T00:00:00Z,-3.64975968166481,40.436653309247
SEMAFORO 2/200 PEATON - BICI,15,36907,479,1971-11-29T00:00:00Z,-3.64976163926883,40.4364522244896
SEMAFORO 2/200 PEATON - BICI,15,36908,479,1971-11-29T00:00:00Z,-3.64985815589721,40.4364754954572
SEMAFORO 2/200 PEATON - BICI,15,37027,659,1975-05-16T00:00:00Z,-3.63654070900086,40.4362386609303
SEMAFORO 2/200 PEATON - BICI,15,37031,659,1975-05-16T00:00:00Z,-3.63662591765334,40.4358766409453
SEMAFORO 2/200 PEATON - BICI,15,37030,659,1975-05-16T00:00:00Z,-3.63665803481132,40.4360801328662
SEMAFORO 2/200 PEATON - BICI,15,37029,659,1975-05-16T00:00:00Z,-3.63657892390333,40.4361124245099
SEMAFORO 2/200 PEATON - BICI,15,37032,659,1975-05-16T00:00:00Z,-3.63669833699652,40.4358399447049
SEMAFORO 2/200 PEATON - BICI,15,37034,659,1975-05-16T00:00:00Z,-3.63670527160011,40.4356579059247
SEMAFORO 2/200 PEATON - BICI,15,48963,254,1967-10-27T00:00:00Z,-3.65811438039292,40.4347087464774
SEMAFORO 2/200 PEATON - BICI,15,36847,254,1967-10-27T00:00:00Z,-3.65790083839764,40.434728852094
SEMAFORO 2/200 PEATON - BICI,15,33202,312,1968-11-07T00:00:00Z,-3.64048076392469,40.4413809052497
SEMAFORO 2/200 PEATON - BICI,15,33204,312,1968-11-07T00:00:00Z,-3.64066154021837,40.4412217377582
SEMAFORO 2/200 PEATON - BICI,15,33203,312,1968-11-07T00:00:00Z,-3.64059658377402,40.4412520944101
SEMAFORO 2/200 PEATON - BICI,15,33201,312,1968-11-07T00:00:00Z,-3.64041025915922,40.4414040212638
SEMAFORO 2/200 PEATON - BICI,15,29971,620,1974-05-13T00:00:00Z,-3.6470646683493,40.4269262230038
SEMAFORO 2/200 PEATON - BICI,15,37071,656,1975-05-15T00:00:00Z,-3.63322852532007,40.4309550565128
SEMAFORO 2/200 PEATON - BICI,15,37077,656,1975-05-15T00:00:00Z,-3.63289238915338,40.431187584172
SEMAFORO 2/200 PEATON - BICI,15,37064,655,1975-05-14T00:00:00Z,-3.63464736386038,40.4328271828851
SEMAFORO 2/200 PEATON - BICI,15,43592,655,1975-05-14T00:00:00Z,-3.6342590650292,40.4330650172358
SEMAFORO 2/200 PEATON - BICI,15,37040,512,1972-05-26T00:00:00Z,-3.63588935834459,40.4345406299485
SEMAFORO 2/200 PEATON - BICI,15,37042,512,1972-05-26T00:00:00Z,-3.63543791592437,40.4347623404304
SEMAFORO 2/200 PEATON - BICI,15,36863,488,1972-01-24T00:00:00Z,-3.65643826015612,40.4346071271061
SEMAFORO 2/200 PEATON - BICI,15,36864,488,1972-01-24T00:00:00Z,-3.65641298669545,40.4347187328484
SEMAFORO 2/200 PEATON - BICI,15,36851,254,1967-10-27T00:00:00Z,-3.65815454994768,40.4350244702933
SEMAFORO 2/200 PEATON - BICI,15,48960,254,1967-10-27T00:00:00Z,-3.6578873053809,40.4350303147407
SEMAFORO 2/200 PEATON - BICI,16,36187,1936,2006-08-03T00:00:00Z,-3.65776030054235,40.4941437977917
SEMAFORO 2/200 PEATON - BICI,16,36188,1936,2006-08-03T00:00:00Z,-3.65771718887983,40.4941148532076
SEMAFORO 2/200 PEATON - BICI,16,36189,1936,2006-08-03T00:00:00Z,-3.65766852604738,40.4939805352696
SEMAFORO 2/200 PEATON - BICI,16,36190,1936,2006-08-03T00:00:00Z,-3.65762623826602,40.4939535367492
SEMAFORO 2/200 PEATON - BICI,16,36271,1930,2006-01-03T00:00:00Z,-3.65206294233447,40.486673633155
SEMAFORO 2/200 PEATON - BICI,16,36272,1930,2006-01-03T00:00:00Z,-3.65202416882933,40.4866627827947
SEMAFORO 2/200 PEATON - BICI,16,48162,1930,2006-01-03T00:00:00Z,-3.65079747514391,40.4870293861179
SEMAFORO 2/200 PEATON - BICI,16,48161,1930,2006-01-03T00:00:00Z,-3.65082730319874,40.4869514028786
SEMAFORO 2/200 PEATON - BICI,16,48160,1930,2006-01-03T00:00:00Z,-3.65098489362055,40.4869076739635
SEMAFORO 2/200 PEATON - BICI,16,48159,1930,2006-01-03T00:00:00Z,-3.65103447586,40.4868180858148
SEMAFORO 2/200 PEATON - BICI,16,48158,1930,2006-01-03T00:00:00Z,-3.65146119650636,40.486748890241
SEMAFORO 2/200 PEATON - BICI,16,48157,1930,2006-01-03T00:00:00Z,-3.65154902513288,40.4867986605047
SEMAFORO 2/200 PEATON - BICI,16,48156,1930,2006-01-03T00:00:00Z,-3.65180737174312,40.4867118420256
SEMAFORO 2/200 PEATON - BICI,16,48155,1930,2006-01-03T00:00:00Z,-3.65185227725271,40.4867317287839
SEMAFORO 2/200 PEATON - BICI,16,36153,1931,2006-01-03T00:00:00Z,-3.65451190590342,40.4977673885565
SEMAFORO 2/200 PEATON - BICI,16,36154,1931,2006-01-03T00:00:00Z,-3.65444652898323,40.4978265576507
SEMAFORO 2/200 PEATON - BICI,16,36159,1931,2006-01-03T00:00:00Z,-3.6543812877813,40.4969509444876
SEMAFORO 2/200 PEATON - BICI,16,36151,1931,2006-01-03T00:00:00Z,-3.65465355895226,40.4976370879576
SEMAFORO 2/200 PEATON - BICI,16,36152,1931,2006-01-03T00:00:00Z,-3.65458737097769,40.4976972375233
SEMAFORO 2/200 PEATON - BICI,16,36160,1931,2006-01-03T00:00:00Z,-3.65442071939758,40.4969756739519
SEMAFORO 2/200 PEATON - BICI,16,36161,1931,2006-01-03T00:00:00Z,-3.65447048548356,40.4971094822694
SEMAFORO 2/200 PEATON - BICI,16,36162,1931,2006-01-03T00:00:00Z,-3.654516363135,40.4971397974722
SEMAFORO 2/200 PEATON - BICI,16,36163,1931,2006-01-03T00:00:00Z,-3.65349568279139,40.4972238468484
SEMAFORO 2/200 PEATON - BICI,16,36164,1931,2006-01-03T00:00:00Z,-3.65355894242548,40.4971642872012
SEMAFORO 2/200 PEATON - BICI,16,36165,1931,2006-01-03T00:00:00Z,-3.65363280695975,40.4970972953861
SEMAFORO 2/200 PEATON - BICI,16,36166,1931,2006-01-03T00:00:00Z,-3.65369926867313,40.4970356173029
SEMAFORO 2/200 PEATON - BICI,16,36181,1932,2006-01-03T00:00:00Z,-3.65033118575895,40.4941001392501
SEMAFORO 2/200 PEATON - BICI,16,36186,1932,2006-01-03T00:00:00Z,-3.64904915683894,40.4940609353133
SEMAFORO 2/200 PEATON - BICI,16,36185,1932,2006-01-03T00:00:00Z,-3.64898005254026,40.4941166635837
SEMAFORO 2/200 PEATON - BICI,16,36184,1932,2006-01-03T00:00:00Z,-3.64896186494096,40.4942289461858
SEMAFORO 2/200 PEATON - BICI,16,36183,1932,2006-01-03T00:00:00Z,-3.64889744065777,40.4942823297669
SEMAFORO 2/200 PEATON - BICI,16,36182,1932,2006-01-03T00:00:00Z,-3.65041127942689,40.4941468963889
SEMAFORO 2/200 PEATON - BICI,16,36180,1932,2006-01-03T00:00:00Z,-3.65019474260035,40.4940868968054
SEMAFORO 2/200 PEATON - BICI,16,36179,1932,2006-01-03T00:00:00Z,-3.65011350217513,40.494040464231
SEMAFORO 2/200 PEATON - BICI,16,36178,1932,2006-01-03T00:00:00Z,-3.65035572323533,40.4952397714346
SEMAFORO 2/200 PEATON - BICI,16,36177,1932,2006-01-03T00:00:00Z,-3.65041594566447,40.4951791008423
SEMAFORO 2/200 PEATON - BICI,16,36176,1932,2006-01-03T00:00:00Z,-3.65041807520134,40.4950617793455
SEMAFORO 2/200 PEATON - BICI,16,36175,1932,2006-01-03T00:00:00Z,-3.6504782286066,40.4950006911944
SEMAFORO 2/200 PEATON - BICI,16,40883,2009,2007-01-06T00:00:00Z,-3.65912325794722,40.4900298200692
SEMAFORO 2/200 PEATON - BICI,16,40884,2009,2007-01-06T00:00:00Z,-3.65903055755774,40.4900516376194
SEMAFORO 2/200 PEATON - BICI,16,40882,2009,2007-01-06T00:00:00Z,-3.65906325715877,40.4902269562404
SEMAFORO 2/200 PEATON - BICI,16,40881,2009,2007-01-06T00:00:00Z,-3.65898127909267,40.490317475187
SEMAFORO 2/200 PEATON - BICI,16,36195,2032,2007-10-19T00:00:00Z,-3.64780169504189,40.4930457188666
SEMAFORO 2/200 PEATON - BICI,16,48358,2032,2007-10-19T00:00:00Z,-3.64760346157413,40.4931514041899
SEMAFORO 2/200 PEATON - BICI,16,48357,2032,2007-10-19T00:00:00Z,-3.64770886580928,40.4930944096903
SEMAFORO 2/200 PEATON - BICI,16,36196,2032,2007-10-19T00:00:00Z,-3.64790949042176,40.4929889600954
SEMAFORO 2/200 PEATON - BICI,16,40874,2033,2007-10-19T00:00:00Z,-3.64698839958827,40.4850654502287
SEMAFORO 2/200 PEATON - BICI,16,48880,2033,2007-10-19T00:00:00Z,-3.64608788781561,40.4859640044016
SEMAFORO 2/200 PEATON - BICI,16,48879,2033,2007-10-19T00:00:00Z,-3.64620760973074,40.4859974088363
SEMAFORO 2/200 PEATON - BICI,16,48884,2033,2007-10-19T00:00:00Z,-3.64605187672056,40.4854994778738
SEMAFORO 2/200 PEATON - BICI,16,48885,2033,2007-10-19T00:00:00Z,-3.6461197966128,40.4853757976492
SEMAFORO 2/200 PEATON - BICI,16,40871,2033,2007-10-19T00:00:00Z,-3.64730674937928,40.4851933900697
SEMAFORO 2/200 PEATON - BICI,16,40872,2033,2007-10-19T00:00:00Z,-3.64719021862659,40.4851468618371
SEMAFORO 2/200 PEATON - BICI,16,40873,2033,2007-10-19T00:00:00Z,-3.64709258763655,40.4851071759014
SEMAFORO 2/200 PEATON - BICI,16,48188,2031,2007-10-19T00:00:00Z,-3.60593918884109,40.4522894675758
SEMAFORO 2/200 PEATON - BICI,16,48187,2031,2007-10-19T00:00:00Z,-3.60605706496168,40.4523565969742
SEMAFORO 2/200 PEATON - BICI,16,48212,2088,2009-09-24T00:00:00Z,-3.61944977339337,40.4558018347319
SEMAFORO 2/200 PEATON - BICI,16,48211,2088,2009-09-24T00:00:00Z,-3.61940336636214,40.4558376947633
SEMAFORO 2/200 PEATON - BICI,16,40880,2115,2010-08-11T00:00:00Z,-3.64808766085368,40.4837130334978
SEMAFORO 2/200 PEATON - BICI,16,40879,2115,2010-08-11T00:00:00Z,-3.64816005519347,40.483745653272
SEMAFORO 2/200 PEATON - BICI,16,40878,2115,2010-08-11T00:00:00Z,-3.64825373221847,40.4837880213091
SEMAFORO 2/200 PEATON - BICI,16,40877,2115,2010-08-11T00:00:00Z,-3.6483601345709,40.4838360323905
SEMAFORO 2/200 PEATON - BICI,16,40876,2115,2010-08-11T00:00:00Z,-3.64853833613377,40.4839032443174
SEMAFORO 2/200 PEATON - BICI,16,40875,2115,2010-08-11T00:00:00Z,-3.64854611340251,40.4839434558598
SEMAFORO 2/200 PEATON - BICI,16,48847,2141,2012-08-31T00:00:00Z,-3.65222982720713,40.4961085741231
SEMAFORO 2/200 PEATON - BICI,16,48850,2141,2012-08-31T00:00:00Z,-3.65202497531611,40.4962967701152
SEMAFORO 2/200 PEATON - BICI,16,48849,2141,2012-08-31T00:00:00Z,-3.65209296522922,40.4962345726828
SEMAFORO 2/200 PEATON - BICI,16,48848,2141,2012-08-31T00:00:00Z,-3.65216424811621,40.4961681897904
SEMAFORO 2/200 PEATON - BICI,16,49702,2156,2013-04-16T00:00:00Z,-3.65662821271452,40.4991041409336
SEMAFORO 2/200 PEATON - BICI,16,49701,2156,2013-04-16T00:00:00Z,-3.65656461978301,40.4991622085853
SEMAFORO 2/200 PEATON - BICI,16,49704,2156,2013-04-16T00:00:00Z,-3.65676721672088,40.4989754410058
SEMAFORO 2/200 PEATON - BICI,16,49703,2156,2013-04-16T00:00:00Z,-3.65670250015482,40.4990358753524
SEMAFORO 2/200 PEATON - BICI,16,53122,2263,2017-03-15T00:00:00Z,-3.65526392137978,40.4981287784604
SEMAFORO 2/200 PEATON - BICI,16,53121,2263,2017-03-15T00:00:00Z,-3.65519314267575,40.4981955966084
SEMAFORO 2/200 PEATON - BICI,16,53116,2263,2017-03-15T00:00:00Z,-3.65533314467456,40.4980677088636
SEMAFORO 2/200 PEATON - BICI,16,53117,2263,2017-03-15T00:00:00Z,-3.65512928539616,40.4982562257713
SEMAFORO 2/200 PEATON - BICI,16,53127,2262,2017-03-15T00:00:00Z,-3.65763884833034,40.4996253457683
SEMAFORO 2/200 PEATON - BICI,16,53126,2262,2017-03-15T00:00:00Z,-3.65770410106024,40.499567317134
SEMAFORO 2/200 PEATON - BICI,16,53129,2262,2017-03-15T00:00:00Z,-3.65756667075917,40.4996924742328
SEMAFORO 2/200 PEATON - BICI,16,53128,2262,2017-03-15T00:00:00Z,-3.65750144992401,40.4997537973479
SEMAFORO 2/200 PEATON - BICI,16,54806,4532,2018-12-26T00:00:00Z,-3.63812981903837,40.4854039706908
SEMAFORO 2/200 PEATON - BICI,16,48876,4598,2007-10-19T00:00:00Z,-3.64689598811292,40.486186478432
SEMAFORO 2/200 PEATON - BICI,16,48875,4598,2007-10-19T00:00:00Z,-3.64702136712549,40.486210277294
SEMAFORO 2/200 PEATON - BICI,16,48871,4598,2007-10-19T00:00:00Z,-3.64741677635318,40.4856618389017
SEMAFORO 2/200 PEATON - BICI,16,48870,4598,2007-10-19T00:00:00Z,-3.64736402924265,40.4857557626282
SEMAFORO 2/200 PEATON - BICI,16,48869,4598,2007-10-19T00:00:00Z,-3.64749852129298,40.485891965765
SEMAFORO 2/200 PEATON - BICI,16,48868,4598,2007-10-19T00:00:00Z,-3.64744728132221,40.4859838311414
SEMAFORO 2/200 PEATON - BICI,16,36135,1906,2005-10-17T00:00:00Z,-3.65923796428375,40.5001833345937
SEMAFORO 2/200 PEATON - BICI,16,48147,1781,2004-04-28T00:00:00Z,-3.65907598100031,40.4870423101536
SEMAFORO 2/200 PEATON - BICI,16,48148,1781,2004-04-28T00:00:00Z,-3.65905028850146,40.487027227502
SEMAFORO 2/200 PEATON - BICI,16,48149,1781,2004-04-28T00:00:00Z,-3.65898758246176,40.4869702579162
SEMAFORO 2/200 PEATON - BICI,16,48152,1781,2004-04-28T00:00:00Z,-3.65888204752472,40.4868632791057
SEMAFORO 2/200 PEATON - BICI,16,48153,1781,2004-04-28T00:00:00Z,-3.65900806461019,40.4866928342967
SEMAFORO 2/200 PEATON - BICI,16,48154,1781,2004-04-28T00:00:00Z,-3.65906678304609,40.4866538889207
SEMAFORO 2/200 PEATON - BICI,16,40859,1215,1990-07-30T00:00:00Z,-3.62671874681661,40.4514528574689
SEMAFORO 2/200 PEATON - BICI,16,40861,1215,1990-07-30T00:00:00Z,-3.62654297170424,40.4514759575937
SEMAFORO 2/200 PEATON - BICI,16,40863,1215,1990-07-30T00:00:00Z,-3.62607832260616,40.4508302161584
SEMAFORO 2/200 PEATON - BICI,16,40869,1215,1990-07-30T00:00:00Z,-3.62685453765998,40.4507430093955
SEMAFORO 2/200 PEATON - BICI,16,28797,1267,1991-05-21T00:00:00Z,-3.61685786876335,40.4586839536494
SEMAFORO 2/200 PEATON - BICI,16,28796,1267,1991-05-21T00:00:00Z,-3.61676381556398,40.4586482909204
SEMAFORO 2/200 PEATON - BICI,16,28789,1267,1991-05-21T00:00:00Z,-3.61794924513398,40.4576039970069
SEMAFORO 2/200 PEATON - BICI,16,28788,1267,1991-05-21T00:00:00Z,-3.61802143539066,40.4576349538651
SEMAFORO 2/200 PEATON - BICI,16,28791,1267,1991-05-21T00:00:00Z,-3.61769818108447,40.4574824123464
SEMAFORO 2/200 PEATON - BICI,16,28790,1267,1991-05-21T00:00:00Z,-3.61777862303875,40.4575196344436
SEMAFORO 2/200 PEATON - BICI,16,28798,1267,1991-05-21T00:00:00Z,-3.61706210021704,40.4586903495896
SEMAFORO 2/200 PEATON - BICI,16,28799,1267,1991-05-21T00:00:00Z,-3.6171828659829,40.4587398110865
SEMAFORO 2/200 PEATON - BICI,16,28803,1267,1991-05-21T00:00:00Z,-3.61810316957655,40.4582386240408
SEMAFORO 2/200 PEATON - BICI,16,28802,1267,1991-05-21T00:00:00Z,-3.61805989046935,40.4582726875913
SEMAFORO 2/200 PEATON - BICI,16,28801,1267,1991-05-21T00:00:00Z,-3.61788219275364,40.4586007629437
SEMAFORO 2/200 PEATON - BICI,16,28800,1267,1991-05-21T00:00:00Z,-3.61785578145203,40.4586323890598
SEMAFORO 2/200 PEATON - BICI,16,48207,1292,1991-11-29T00:00:00Z,-3.62318878744125,40.4541654853383
SEMAFORO 2/200 PEATON - BICI,16,48206,1292,1991-11-29T00:00:00Z,-3.6231449970636,40.4541092143315
SEMAFORO 2/200 PEATON - BICI,16,48205,1292,1991-11-29T00:00:00Z,-3.62273681250852,40.4539243882989
SEMAFORO 2/200 PEATON - BICI,16,48204,1292,1991-11-29T00:00:00Z,-3.62269717732864,40.4539403112855
SEMAFORO 2/200 PEATON - BICI,16,48203,1292,1991-11-29T00:00:00Z,-3.62220141872986,40.4542160022402
SEMAFORO 2/200 PEATON - BICI,16,48202,1292,1991-11-29T00:00:00Z,-3.62216804073747,40.4542292480168
SEMAFORO 2/200 PEATON - BICI,16,48201,1292,1991-11-29T00:00:00Z,-3.62209126995005,40.4545005808822
SEMAFORO 2/200 PEATON - BICI,16,48200,1292,1991-11-29T00:00:00Z,-3.6221324030237,40.4545615797917
SEMAFORO 2/200 PEATON - BICI,16,36528,1307,1992-02-27T00:00:00Z,-3.63882366391455,40.4760604803868
SEMAFORO 2/200 PEATON - BICI,16,36527,1307,1992-02-27T00:00:00Z,-3.63890318733028,40.4760826027724
SEMAFORO 2/200 PEATON - BICI,16,28810,1335,1992-08-28T00:00:00Z,-3.62940790097276,40.4685890468901
SEMAFORO 2/200 PEATON - BICI,16,28809,1335,1992-08-28T00:00:00Z,-3.62944761537427,40.4684673964556
SEMAFORO 2/200 PEATON - BICI,16,28735,1419,1995-06-13T00:00:00Z,-3.62452363448868,40.4625197536717
SEMAFORO 2/200 PEATON - BICI,16,28734,1419,1995-06-13T00:00:00Z,-3.6245198295481,40.4626322028973
SEMAFORO 2/200 PEATON - BICI,16,48218,1509,1997-10-12T00:00:00Z,-3.61756637063736,40.4572753440578
SEMAFORO 2/200 PEATON - BICI,16,28787,1509,1997-10-12T00:00:00Z,-3.61796520329475,40.4570683221283
SEMAFORO 2/200 PEATON - BICI,16,48217,1509,1997-10-12T00:00:00Z,-3.61763187600727,40.4572892453141
SEMAFORO 2/200 PEATON - BICI,16,28786,1509,1997-10-12T00:00:00Z,-3.61785689473934,40.4571862527642
SEMAFORO 2/200 PEATON - BICI,16,48216,1509,1997-10-12T00:00:00Z,-3.61808751819236,40.4570007403922
SEMAFORO 2/200 PEATON - BICI,16,48215,1509,1997-10-12T00:00:00Z,-3.61816475237679,40.4570368804121
SEMAFORO 2/200 PEATON - BICI,16,36131,1906,2005-10-17T00:00:00Z,-3.65824421576322,40.5006577926378
SEMAFORO 2/200 PEATON - BICI,16,36132,1906,2005-10-17T00:00:00Z,-3.65827905909676,40.5006924163403
SEMAFORO 2/200 PEATON - BICI,16,36142,1906,2005-10-17T00:00:00Z,-3.65846025758949,40.5000193691716
SEMAFORO 2/200 PEATON - BICI,16,36141,1906,2005-10-17T00:00:00Z,-3.65838112799192,40.5000930348083
SEMAFORO 2/200 PEATON - BICI,16,36140,1906,2005-10-17T00:00:00Z,-3.65822019506347,40.5001099924095
SEMAFORO 2/200 PEATON - BICI,16,36139,1906,2005-10-17T00:00:00Z,-3.65814129403395,40.500183786846
SEMAFORO 2/200 PEATON - BICI,16,36138,1906,2005-10-17T00:00:00Z,-3.65909132041858,40.4999844995721
SEMAFORO 2/200 PEATON - BICI,16,36137,1906,2005-10-17T00:00:00Z,-3.65912486021753,40.5000117660776
SEMAFORO 2/200 PEATON - BICI,16,36136,1906,2005-10-17T00:00:00Z,-3.65919534656642,40.5001549563402
SEMAFORO 2/200 PEATON - BICI,16,36134,1906,2005-10-17T00:00:00Z,-3.65831473601651,40.5008607070925
SEMAFORO 2/200 PEATON - BICI,16,36133,1906,2005-10-17T00:00:00Z,-3.65828478216497,40.5008310145216
SEMAFORO 2/200 PEATON - BICI,16,36217,1933,2006-01-03T00:00:00Z,-3.65994915978561,40.4911696204871
SEMAFORO 2/200 PEATON - BICI,16,36219,1933,2006-01-03T00:00:00Z,-3.66019292947703,40.4910819183556
SEMAFORO 2/200 PEATON - BICI,16,36201,1933,2006-01-03T00:00:00Z,-3.66023726849801,40.4918482356346
SEMAFORO 2/200 PEATON - BICI,16,36202,1933,2006-01-03T00:00:00Z,-3.66020212479399,40.4918258742777
SEMAFORO 2/200 PEATON - BICI,16,36203,1933,2006-01-03T00:00:00Z,-3.66015018902332,40.4916864903262
SEMAFORO 2/200 PEATON - BICI,16,36204,1933,2006-01-03T00:00:00Z,-3.66011139461093,40.491660223191
SEMAFORO 2/200 PEATON - BICI,16,36220,1933,2006-01-03T00:00:00Z,-3.66027635843985,40.4910068987433
SEMAFORO 2/200 PEATON - BICI,16,36218,1933,2006-01-03T00:00:00Z,-3.66002572140871,40.4910957586311
SEMAFORO 2/200 PEATON - BICI,16,36168,1936,2006-08-03T00:00:00Z,-3.65786230385051,40.4946708657274
SEMAFORO 2/200 PEATON - BICI,16,36169,1936,2006-08-03T00:00:00Z,-3.65768919467523,40.4947104538651
SEMAFORO 2/200 PEATON - BICI,16,36171,1936,2006-08-03T00:00:00Z,-3.65699830144434,40.4948408970541
SEMAFORO 2/200 PEATON - BICI,16,36172,1936,2006-08-03T00:00:00Z,-3.65695665406076,40.4948157830217
SEMAFORO 2/200 PEATON - BICI,16,36173,1936,2006-08-03T00:00:00Z,-3.65690821515751,40.4946768911906
SEMAFORO 2/200 PEATON - BICI,16,36174,1936,2006-08-03T00:00:00Z,-3.65686447500425,40.4946482584992
SEMAFORO 2/200 PEATON - BICI,16,36170,1936,2006-08-03T00:00:00Z,-3.65765105769343,40.4947441833774
SEMAFORO 2/200 PEATON - BICI,16,36167,1936,2006-08-03T00:00:00Z,-3.65789462900727,40.4946407157373
SEMAFORO 3/200 BICI,17,51051,783,2014-10-09T00:00:00Z,-3.69365770164385,40.3508062586928
SEMAFORO 2/200 PEATON - BICI,17,34821,1764,2003-07-08T00:00:00Z,-3.70498139433082,40.3411720084304
SEMAFORO 2/200 PEATON - BICI,17,34822,1764,2003-07-08T00:00:00Z,-3.70506575275355,40.3411704487941
SEMAFORO 2/200 PEATON - BICI,17,34922,1765,2003-07-08T00:00:00Z,-3.69285919666131,40.3461044953751
SEMAFORO 2/200 PEATON - BICI,17,34921,1765,2003-07-08T00:00:00Z,-3.69310162781441,40.3461548367273
SEMAFORO 2/200 PEATON - BICI,17,35236,1057,1982-05-26T00:00:00Z,-3.70001723571129,40.362552948759
SEMAFORO 2/200 PEATON - BICI,17,35038,783,1978-01-01T00:00:00Z,-3.69373774172705,40.3513289317742
SEMAFORO 2/200 PEATON - BICI,17,35039,783,1978-01-01T00:00:00Z,-3.69373266372415,40.3512373260271
SEMAFORO 2/200 PEATON - BICI,17,35037,783,1978-01-01T00:00:00Z,-3.69374759675507,40.3513664512714
SEMAFORO 2/200 PEATON - BICI,17,35040,783,1978-01-01T00:00:00Z,-3.69375510647307,40.3511616182382
SEMAFORO 2/200 PEATON - BICI,18,37942,1796,2004-06-23T00:00:00Z,-3.60692175491986,40.3774044317145
SEMAFORO 2/200 PEATON - BICI,18,37943,1796,2004-06-23T00:00:00Z,-3.60696676590885,40.3773397469728
SEMAFORO 2/200 PEATON - BICI,18,54888,710,1976-09-20T00:00:00Z,-3.64535679927669,40.3692450062331
SEMAFORO 2/200 PEATON - BICI,18,37823,1793,2004-06-23T00:00:00Z,-3.61348804300647,40.3796472543973
SEMAFORO 2/200 PEATON - BICI,18,40467,2037,2007-05-12T00:00:00Z,-3.59909705801997,40.3633923299648
SEMAFORO 2/200 PEATON - BICI,18,54891,710,1976-09-20T00:00:00Z,-3.64505168517939,40.3693757334326
SEMAFORO 2/200 PEATON - BICI,18,37822,1793,2004-06-23T00:00:00Z,-3.61368685664965,40.3796668145245
SEMAFORO 2/200 PEATON - BICI,18,54889,710,1976-09-20T00:00:00Z,-3.64527215024519,40.3692799285624
SEMAFORO 2/200 PEATON - BICI,18,57002,1797,,-3.6040401554415,40.3753695808324
SEMAFORO 2/200 PEATON - BICI,18,37944,1796,2004-06-23T00:00:00Z,-3.60699591530458,40.377294198482
SEMAFORO 2/200 PEATON - BICI,18,37945,1796,2004-06-23T00:00:00Z,-3.60704170605075,40.3772275454938
SEMAFORO 2/200 PEATON - BICI,18,40466,2037,2007-05-12T00:00:00Z,-3.5990276738775,40.3635828983184
SEMAFORO 2/200 PEATON - BICI,18,40465,2037,2007-05-12T00:00:00Z,-3.59895922317293,40.36366340427
SEMAFORO 2/200 PEATON - BICI,18,54890,710,1976-09-20T00:00:00Z,-3.64513674693904,40.3693395089629
SEMAFORO 2/200 PEATON - BICI,18,40464,2037,2007-05-12T00:00:00Z,-3.59892966131389,40.3636906269817
SEMAFORO 2/200 PEATON - BICI,18,57003,1797,,-3.60389148344551,40.3753641893105
SEMAFORO 2/200 PEATON - BICI,20,3456,681,1975-05-12T00:00:00Z,-3.62559865214541,40.4203513848377
SEMAFORO 2/200 PEATON - BICI,20,48133,1156,1987-11-13T00:00:00Z,-3.62384407532532,40.4184036283857
SEMAFORO 2/200 PEATON - BICI,20,48139,1156,1987-11-13T00:00:00Z,-3.62437758301567,40.417801208646
SEMAFORO 2/200 PEATON - BICI,20,48137,1156,1987-11-13T00:00:00Z,-3.62432167509601,40.4178934548669
SEMAFORO 2/200 PEATON - BICI,20,48135,1156,1987-11-13T00:00:00Z,-3.6240274990157,40.4181994953934
SEMAFORO 2/200 PEATON - BICI,20,48134,1156,1987-11-13T00:00:00Z,-3.62389425787618,40.4181857131806
SEMAFORO 2/200 PEATON - BICI,20,48132,1156,1987-11-13T00:00:00Z,-3.62376172586832,40.418460333552
SEMAFORO 2/200 PEATON - BICI,20,48128,1156,1987-11-13T00:00:00Z,-3.62316534151546,40.418447937826
SEMAFORO 2/200 PEATON - BICI,20,48119,1156,1987-11-13T00:00:00Z,-3.62394492991189,40.4170370433398
SEMAFORO 2/200 PEATON - BICI,20,48117,1156,1987-11-13T00:00:00Z,-3.62436725305314,40.4172650839835
SEMAFORO 2/200 PEATON - BICI,20,33166,1494,1997-07-29T00:00:00Z,-3.62664985989046,40.447543625228
SEMAFORO 2/200 PEATON - BICI,20,33168,1494,1997-07-29T00:00:00Z,-3.62605421130895,40.4471500397781
SEMAFORO 2/200 PEATON - BICI,20,33170,1494,1997-07-29T00:00:00Z,-3.62587458241875,40.4472024370423
SEMAFORO 2/200 PEATON - BICI,20,33171,1494,1997-07-29T00:00:00Z,-3.62540430817283,40.447761619689
SEMAFORO 2/200 PEATON - BICI,20,43378,1590,1999-06-22T00:00:00Z,-3.60637357275818,40.435096569926
SEMAFORO 2/200 PEATON - BICI,20,43379,1590,1999-06-22T00:00:00Z,-3.60644206193107,40.4350422272298
SEMAFORO 2/200 PEATON - BICI,20,43380,1590,1999-06-22T00:00:00Z,-3.60638044402786,40.4348889983378
SEMAFORO 2/200 PEATON - BICI,20,43381,1590,1999-06-22T00:00:00Z,-3.60636527359189,40.4348187462953
SEMAFORO 2/200 PEATON - BICI,20,43382,1590,1999-06-22T00:00:00Z,-3.60649007361445,40.4347322973523
SEMAFORO 2/200 PEATON - BICI,20,43383,1590,1999-06-22T00:00:00Z,-3.60656502880845,40.4346989255872
SEMAFORO 2/200 PEATON - BICI,20,43384,1590,1999-06-22T00:00:00Z,-3.60625279670456,40.4347365439691
SEMAFORO 2/200 PEATON - BICI,20,43385,1590,1999-06-22T00:00:00Z,-3.60619733370049,40.4347045444067
SEMAFORO 2/200 PEATON - BICI,20,43392,1685,2001-06-29T00:00:00Z,-3.61114281661702,40.4196319313379
SEMAFORO 2/200 PEATON - BICI,20,43390,1685,2001-06-29T00:00:00Z,-3.61098442833878,40.4196439073325
SEMAFORO 2/200 PEATON - BICI,20,46067,1760,2003-07-18T00:00:00Z,-3.63523430281723,40.447190789322
SEMAFORO 2/200 PEATON - BICI,20,46066,1760,2003-07-18T00:00:00Z,-3.6352407406672,40.4472761275252
SEMAFORO 2/200 PEATON - BICI,20,49518,1984,2007-02-27T00:00:00Z,-3.60809572979047,40.4343451775656
SEMAFORO 2/200 PEATON - BICI,20,49519,1984,2007-02-27T00:00:00Z,-3.60799231024558,40.4343577783601
SEMAFORO 2/200 PEATON - BICI,20,48121,1157,1987-11-13T00:00:00Z,-3.62360904141723,40.4168394251878
SEMAFORO 2/200 PEATON - BICI,20,48123,1157,1987-11-13T00:00:00Z,-3.62291002116176,40.416902594066
SEMAFORO 2/200 PEATON - BICI,20,48125,1157,1987-11-13T00:00:00Z,-3.62273564467533,40.4169475239885
SEMAFORO 2/200 PEATON - BICI,20,48127,1157,1987-11-13T00:00:00Z,-3.62226442979503,40.4172874631421
SEMAFORO 2/200 PEATON - BICI,20,48120,1157,1987-11-13T00:00:00Z,-3.62372238824674,40.4168381813925
SEMAFORO 2/200 PEATON - BICI,20,53793,2278,2017-09-16T00:00:00Z,-3.60339224205882,40.4379059140106
SEMAFORO 2/200 PEATON - BICI,20,53795,2278,2017-09-16T00:00:00Z,-3.60330693083949,40.4380130841077
SEMAFORO 2/200 PEATON - BICI,20,56089,10026,,-3.60352041019245,40.4338963700962
SEMAFORO 2/200 PEATON - BICI,20,56090,10026,,-3.60348608797248,40.4339539126958
SEMAFORO 2/200 PEATON - BICI,20,56091,10026,,-3.60346772874251,40.4339858771029
SEMAFORO 2/200 PEATON - BICI,20,56092,10026,,-3.60344115270254,40.4340317565981
SEMAFORO 2/200 PEATON - BICI,20,56030,10025,,-3.60189470143798,40.4308904544385
SEMAFORO 2/200 PEATON - BICI,20,56031,10025,,-3.60201216708594,40.4308750331471
SEMAFORO 2/200 PEATON - BICI,20,40662,654,1975-05-14T00:00:00Z,-3.63223301780378,40.4299701590812
SEMAFORO 2/200 PEATON - BICI,20,40659,654,1975-05-14T00:00:00Z,-3.6325347411697,40.4300066869702
SEMAFORO 2/200 PEATON - BICI,20,40660,654,1975-05-14T00:00:00Z,-3.63235576121745,40.4298391396485
SEMAFORO 2/200 PEATON - BICI,20,40661,654,1975-05-14T00:00:00Z,-3.63227454594194,40.4298746779808
SEMAFORO 2/200 PEATON - BICI,20,40665,654,1975-05-14T00:00:00Z,-3.63217160974255,40.4301929970359
SEMAFORO 2/200 PEATON - BICI,20,40663,654,1975-05-14T00:00:00Z,-3.63215318127757,40.4300120879773
SEMAFORO 2/200 PEATON - BICI,20,40671,657,1975-05-15T00:00:00Z,-3.63187858527999,40.4290804208908
SEMAFORO 2/200 PEATON - BICI,20,40675,660,1975-05-20T00:00:00Z,-3.63064219449349,40.4279307420033
SEMAFORO 2/200 PEATON - BICI,20,40676,660,1975-05-20T00:00:00Z,-3.6304996767457,40.4278966154502
SEMAFORO 2/200 PEATON - BICI,20,40673,660,1975-05-20T00:00:00Z,-3.63078575229202,40.4278221566172
SEMAFORO 2/200 PEATON - BICI,20,40686,658,1975-05-16T00:00:00Z,-3.62933265418631,40.426267630179
SEMAFORO 2/200 PEATON - BICI,20,40692,658,1975-05-16T00:00:00Z,-3.62973361402221,40.42607757628
SEMAFORO 2/200 PEATON - BICI,20,40711,663,1975-05-25T00:00:00Z,-3.62870748642596,40.4240413503318
SEMAFORO 2/200 PEATON - BICI,20,40704,663,1975-05-25T00:00:00Z,-3.62788813637196,40.4249514792865
SEMAFORO 2/200 PEATON - BICI,20,40706,663,1975-05-25T00:00:00Z,-3.62769482916157,40.4248867225705
SEMAFORO 2/200 PEATON - BICI,20,40713,663,1975-05-25T00:00:00Z,-3.62783149981638,40.4240635992518
SEMAFORO 2/200 PEATON - BICI,20,40709,663,1975-05-25T00:00:00Z,-3.62906213991709,40.4242767012085
SEMAFORO 2/200 PEATON - BICI,20,40712,663,1975-05-25T00:00:00Z,-3.6279198886168,40.4240276965723
SEMAFORO 2/200 PEATON - BICI,20,3361,663,1975-05-25T00:00:00Z,-3.62805579882873,40.4239029832275
SEMAFORO 2/200 PEATON - BICI,20,3362,663,1975-05-25T00:00:00Z,-3.62797352029074,40.4239345456108
SEMAFORO 2/200 PEATON - BICI,20,3367,569,1973-05-22T00:00:00Z,-3.62636768434368,40.4222667297763
SEMAFORO 2/200 PEATON - BICI,20,3451,681,1975-05-12T00:00:00Z,-3.62535966333534,40.4206310330615
SEMAFORO 2/200 PEATON - BICI,20,3452,681,1975-05-12T00:00:00Z,-3.62543317989878,40.4205931761912
SEMAFORO 2/200 PEATON - BICI,20,3453,681,1975-05-12T00:00:00Z,-3.62548159927089,40.420509233272
SEMAFORO 2/200 PEATON - BICI,20,3454,681,1975-05-12T00:00:00Z,-3.62556971194226,40.4204726878733
SEMAFORO 2/200 PEATON - BICI,21,28751,1295,1991-12-18T00:00:00Z,-3.61657553941537,40.4595606542334
